system:index,LAI,SoilMoisture,VH,VV,date,.geo
S1A_IW_GRDH_1SDV_20170103T004710_20170103T004735_014660_017D8E_C604,,0.22486077410724029,-22.284567334128745,-13.701721583755027,2017-01-03,"{""type"":""MultiPoint"",""coordinates"":[]}"
S1A_IW_GRDH_1SDV_20170108T005533_20170108T005558_014733_017FBC_CE53,4.347917144116391,0.22205139153303743,-19.69786569495205,-11.238160825844997,2017-01-08,"{""type"":""MultiPoint"",""coordinates"":[]}"
S1A_IW_GRDH_1SDV_20170115T004710_20170115T004735_014835_0182EA_C69A,,0.22059367538830432,-22.39111908301662,-13.628134051709884,2017-01-15,"{""type"":""MultiPoint"",""coordinates"":[]}"
S1A_IW_GRDH_1SDV_20170120T005533_20170120T005558_014908_01853D_289C,,0.21803519289236292,-19.907061787933007,-11.385796420830438,2017-01-20,"{""type"":""MultiPoint"",""coordinates"":[]}"
S1A_IW_GRDH_1SDV_20170127T004710_20170127T004735_015010_01884E_DF6D,,0.21491789339798692,-22.400837311675534,-13.694514928998514,2017-01-27,"{""type"":""MultiPoint"",""coordinates"":[]}"
S1A_IW_GRDH_1SDV_20170201T005533_20170201T005558_015083_018A82_E419,3.887641251652751,0.2129994745343548,-20.05054306854735,-11.303964304151982,2017-02-01,"{""type"":""MultiPoint"",""coordinates"":[]}"
S1A_IW_GRDH_1SDV_20170208T004710_20170208T004735_015185_018DB9_E065,,0.20988757143350817,-22.601222105194314,-13.654818446418771,2017-02-08,"{""type"":""MultiPoint"",""coordinates"":[]}"
S1A_IW_GRDH_1SDV_20170213T005532_20170213T005557_015258_019001_D0FA,,0.20698201631805685,-20.326243431465418,-11.512548487927418,2017-02-13,"{""type"":""MultiPoint"",""coordinates"":[]}"
S1A_IW_GRDH_1SDV_20170220T004708_20170220T004733_015360_01932B_A15C,,0.2047236122101134,-22.955059260596364,-13.987828690008856,2017-02-20,"{""type"":""MultiPoint"",""coordinates"":[]}"
S1A_IW_GRDH_1SDV_20170304T004708_20170304T004733_015535_019876_A32D,,0.1995933440784187,-23.030190435198147,-13.789485048237697,2017-03-04,"{""type"":""MultiPoint"",""coordinates"":[]}"
S1A_IW_GRDH_1SDV_20170309T005534_20170309T005559_015608_019AA7_4A97,,0.19817309034235234,-20.491847550599363,-11.432692539062707,2017-03-09,"{""type"":""MultiPoint"",""coordinates"":[]}"
S1A_IW_GRDH_1SDV_20170321T005534_20170321T005559_015783_019FDB_2D29,3.5983569854561708,0.1972752154854879,-20.203965504803243,-10.944877676286943,2017-03-21,"{""type"":""MultiPoint"",""coordinates"":[]}"
S1A_IW_GRDH_1SDV_20170328T004709_20170328T004734_015885_01A2EF_15BA,,0.19455130905640272,-22.843651697628037,-13.320881273333788,2017-03-28,"{""type"":""MultiPoint"",""coordinates"":[]}"
S1A_IW_GRDH_1SDV_20170402T005534_20170402T005559_015958_01A50A_0A9A,,0.19835749460437388,-18.963993647725403,-9.349531200894774,2017-04-02,"{""type"":""MultiPoint"",""coordinates"":[]}"
S1A_IW_GRDH_1SDV_20170409T004709_20170409T004734_016060_01A82D_73D3,,0.19345818699212403,-21.605982079409788,-12.034542178860512,2017-04-09,"{""type"":""MultiPoint"",""coordinates"":[]}"
S1A_IW_GRDH_1SDV_20170414T005535_20170414T005600_016133_01AA5B_895F,3.1477999118554636,0.19331095787627814,-20.30073141250602,-10.750432532380342,2017-04-14,"{""type"":""MultiPoint"",""coordinates"":[]}"
S1A_IW_GRDH_1SDV_20170421T004710_20170421T004735_016235_01AD89_65D9,,0.19110840559882025,-22.913877986477065,-13.116354054144336,2017-04-21,"{""type"":""MultiPoint"",""coordinates"":[]}"
S1A_IW_GRDH_1SDV_20170426T005530_20170426T005555_016308_01AFBA_5130,,0.18942177330297919,-20.787744144171285,-11.191667659126878,2017-04-26,"{""type"":""MultiPoint"",""coordinates"":[]}"
S1A_IW_GRDH_1SDV_20170503T004710_20170503T004735_016410_01B2D5_C14B,,0.1958592599260566,-21.68827857617111,-12.18898334480557,2017-05-03,"{""type"":""MultiPoint"",""coordinates"":[]}"
S1A_IW_GRDH_1SDV_20170508T005536_20170508T005601_016483_01B506_339C,3.1971432349052638,0.20328228293499928,-20.5904587666991,-9.399040031139133,2017-05-08,"{""type"":""MultiPoint"",""coordinates"":[]}"
S1A_IW_GRDH_1SDV_20170515T004711_20170515T004736_016585_01B827_90D5,,0.24663721754494156,-20.80871147526873,-11.335708899448042,2017-05-15,"{""type"":""MultiPoint"",""coordinates"":[]}"
S1A_IW_GRDH_1SDV_20170520T005537_20170520T005602_016658_01BA60_8226,,0.22189045114066466,-20.224695411476915,-8.892347052475513,2017-05-20,"{""type"":""MultiPoint"",""coordinates"":[]}"
S1A_IW_GRDH_1SDV_20170527T004711_20170527T004736_016760_01BD88_01AB,,0.2184011282043856,-22.59169913519962,-12.498709690175577,2017-05-27,"{""type"":""MultiPoint"",""coordinates"":[]}"
S1A_IW_GRDH_1SDV_20170601T005537_20170601T005602_016833_01BFC8_BA95,3.2774878801234233,0.21415257608582092,-20.06611527281194,-9.63867774216205,2017-06-01,"{""type"":""MultiPoint"",""coordinates"":[]}"
S1A_IW_GRDH_1SDV_20170608T004712_20170608T004737_016935_01C2F8_18DA,,0.2164603675578981,-22.63969374945614,-12.706611403220325,2017-06-08,"{""type"":""MultiPoint"",""coordinates"":[]}"
S1A_IW_GRDH_1SDV_20170613T005538_20170613T005603_017008_01C534_C6F0,,0.24951334175415799,-19.130471119612587,-8.846528031185377,2017-06-13,"{""type"":""MultiPoint"",""coordinates"":[]}"
S1A_IW_GRDH_1SDV_20170625T005539_20170625T005604_017183_01CA8B_C8D0,3.237444689290458,0.24308048406880395,-22.815547930525337,-11.258717823926501,2017-06-25,"{""type"":""MultiPoint"",""coordinates"":[]}"
S1A_IW_GRDH_1SDV_20170702T004718_20170702T004743_017285_01CDA3_7A31,,0.24438427889900896,-24.941387097092147,-15.027820580383352,2017-07-02,"{""type"":""MultiPoint"",""coordinates"":[]}"
S1A_IW_GRDH_1SDV_20170714T004714_20170714T004739_017460_01D2ED_105B,,0.24476958952802527,-25.082853271722236,-15.63707000703933,2017-07-14,"{""type"":""MultiPoint"",""coordinates"":[]}"
S1A_IW_GRDH_1SDV_20170719T005536_20170719T005601_017533_01D526_9E49,3.4384680475980853,0.2926053717728049,-19.249140330475356,-7.2173578613447384,2017-07-19,"{""type"":""MultiPoint"",""coordinates"":[]}"
S1A_IW_GRDH_1SDV_20170726T004715_20170726T004740_017635_01D848_010E,,0.3133144955518,-24.57587033233732,-15.046416258698303,2017-07-26,"{""type"":""MultiPoint"",""coordinates"":[]}"
S1A_IW_GRDH_1SDV_20170731T005541_20170731T005606_017708_01DA81_E139,,0.30444575782664846,-23.2574568507506,-12.064832173471947,2017-07-31,"{""type"":""MultiPoint"",""coordinates"":[]}"
S1A_IW_GRDH_1SDV_20170807T004716_20170807T004741_017810_01DD9C_F99E,,0.29427782590513346,-25.5256980067384,-16.157646964717728,2017-08-07,"{""type"":""MultiPoint"",""coordinates"":[]}"
S1A_IW_GRDH_1SDV_20170812T005541_20170812T005606_017883_01DFD4_8715,4.025020713970947,0.3000207874169249,-22.841034108151206,-12.151106483657166,2017-08-12,"{""type"":""MultiPoint"",""coordinates"":[]}"
S1A_IW_GRDH_1SDV_20170819T004716_20170819T004741_017985_01E2EB_1A14,,0.31581800008864663,-24.219159703344467,-14.14178753044564,2017-08-19,"{""type"":""MultiPoint"",""coordinates"":[]}"
S1A_IW_GRDH_1SDV_20170824T005542_20170824T005607_018058_01E522_DC95,,0.3210001993323032,-22.18493920872087,-11.371692933650406,2017-08-24,"{""type"":""MultiPoint"",""coordinates"":[]}"
S1A_IW_GRDH_1SDV_20170831T004717_20170831T004742_018160_01E830_64B2,,0.31700081026613713,-25.14129015484762,-15.786308306506703,2017-08-31,"{""type"":""MultiPoint"",""coordinates"":[]}"
S1A_IW_GRDH_1SDV_20170905T005543_20170905T005608_018233_01EA6F_8EAC,4.3515751432349346,0.3086986392692622,-21.942539457168667,-11.801376575156782,2017-09-05,"{""type"":""MultiPoint"",""coordinates"":[]}"
S1A_IW_GRDH_1SDV_20170912T004717_20170912T004742_018335_01EDA9_87FF,,0.3443588860173046,-24.118423628452188,-13.984154337935232,2017-09-12,"{""type"":""MultiPoint"",""coordinates"":[]}"
S1A_IW_GRDH_1SDV_20170917T005543_20170917T005608_018408_01EFE3_9524,,0.3698830504569543,-20.654621928747478,-10.542691000298936,2017-09-17,"{""type"":""MultiPoint"",""coordinates"":[]}"
S1A_IW_GRDH_1SDV_20170929T005543_20170929T005608_018583_01F539_106F,4.76744468929047,0.38518501760783685,-19.137373010459218,-8.932189819332974,2017-09-29,"{""type"":""MultiPoint"",""coordinates"":[]}"
S1A_IW_GRDH_1SDV_20171006T004718_20171006T004743_018685_01F85B_7C05,,0.42112096227536816,-23.75646165888566,-14.308661339374186,2017-10-06,"{""type"":""MultiPoint"",""coordinates"":[]}"
S1A_IW_GRDH_1SDV_20171023T005544_20171023T005609_018933_01FFEF_3D55,5.645214631996509,0.40011247054018456,-19.97193542040317,-11.003466833922017,2017-10-23,"{""type"":""MultiPoint"",""coordinates"":[]}"
S1A_IW_GRDH_1SDV_20171104T005544_20171104T005609_019108_020540_2957,,0.35351315724327453,-19.238466220294963,-10.793219279366745,2017-11-04,"{""type"":""MultiPoint"",""coordinates"":[]}"
S1A_IW_GRDH_1SDV_20171111T004718_20171111T004743_019210_02086B_8591,,0.33358387264810013,-21.115243916159216,-12.409535422798552,2017-11-11,"{""type"":""MultiPoint"",""coordinates"":[]}"
S1A_IW_GRDH_1SDV_20171128T005543_20171128T005608_019458_02103B_F3EB,,0.29878714155779285,-18.57910707373079,-9.983861788252678,2017-11-28,"{""type"":""MultiPoint"",""coordinates"":[]}"
S1A_IW_GRDH_1SDV_20171210T005542_20171210T005607_019633_0215B4_6666,12.504910533274652,0.28045022812740705,-18.19069655202554,-10.144189347539179,2017-12-10,"{""type"":""MultiPoint"",""coordinates"":[]}"
S1A_IW_GRDH_1SDV_20171217T004717_20171217T004742_019735_0218DE_B246,,0.2704969833253658,-18.93191031017007,-11.564181380780445,2017-12-17,"{""type"":""MultiPoint"",""coordinates"":[]}"
S1A_IW_GRDH_1SDV_20180103T005541_20180103T005606_019983_02209D_1925,,0.25124881633657886,-18.616965725499394,-10.374605534613504,2018-01-03,"{""type"":""MultiPoint"",""coordinates"":[]}"
S1A_IW_GRDH_1SDV_20180115T005541_20180115T005606_020158_022624_E44E,,0.24186338751991163,-19.05601228181608,-10.78607737029817,2018-01-15,"{""type"":""MultiPoint"",""coordinates"":[]}"
S1A_IW_GRDH_1SDV_20180122T004715_20180122T004740_020260_02295E_5121,,0.2361461499865285,-20.74640649440994,-12.805319219272118,2018-01-22,"{""type"":""MultiPoint"",""coordinates"":[]}"
S1A_IW_GRDH_1SDV_20180127T005541_20180127T005606_020333_022BAF_A459,,0.2326541413623984,-19.458648273147436,-10.944649208871718,2018-01-27,"{""type"":""MultiPoint"",""coordinates"":[]}"
S1A_IW_GRDH_1SDV_20180203T004715_20180203T004740_020435_022EF3_7615,,0.22811864731382608,-21.268892645779946,-13.030307377000474,2018-02-03,"{""type"":""MultiPoint"",""coordinates"":[]}"
S1A_IW_GRDH_1SDV_20180208T005541_20180208T005606_020508_023147_4021,,0.22817614387586102,-19.45654765868671,-10.74811906066819,2018-02-08,"{""type"":""MultiPoint"",""coordinates"":[]}"
S1A_IW_GRDH_1SDV_20180227T004715_20180227T004740_020785_023A24_9B62,,0.2134660477806141,-22.36927757137283,-13.515151883984537,2018-02-27,"{""type"":""MultiPoint"",""coordinates"":[]}"
S1A_IW_GRDH_1SDV_20180304T005540_20180304T005605_020858_023C64_716A,,0.21055964295284368,-20.424520959084806,-11.014229290312606,2018-03-04,"{""type"":""MultiPoint"",""coordinates"":[]}"
S1A_IW_GRDH_1SDV_20180311T004715_20180311T004740_020960_023FA2_778F,,0.20695909355640835,-22.714694354642262,-13.544614981506509,2018-03-11,"{""type"":""MultiPoint"",""coordinates"":[]}"
S1A_IW_GRDH_1SDV_20180323T004715_20180323T004740_021135_02452F_14E1,,0.21710575510214034,-23.783100148495752,-13.768304944252419,2018-03-23,"{""type"":""MultiPoint"",""coordinates"":[]}"
S1A_IW_GRDH_1SDV_20180404T004715_20180404T004740_021310_024AB8_8558,,0.20820072177612448,-23.365654345047115,-13.40712262881282,2018-04-04,"{""type"":""MultiPoint"",""coordinates"":[]}"
S1A_IW_GRDH_1SDV_20180409T005541_20180409T005606_021383_024CFF_566F,,0.23093333067490202,-18.89553914313798,-7.819913214004366,2018-04-09,"{""type"":""MultiPoint"",""coordinates"":[]}"
S1A_IW_GRDH_1SDV_20180416T004716_20180416T004741_021485_02502C_D4AD,,0.27296899324811524,-19.70598603421577,-10.629849048804731,2018-04-16,"{""type"":""MultiPoint"",""coordinates"":[]}"
S1A_IW_GRDH_1SDV_20180428T004716_20180428T004741_021660_0255A4_6754,,0.22917085974067852,-22.88506799851043,-12.70588853900497,2018-04-28,"{""type"":""MultiPoint"",""coordinates"":[]}"
S1A_IW_GRDH_1SDV_20180503T005542_20180503T005607_021733_0257F4_BFF0,,0.224237678516125,-21.37153154196178,-10.328056070357675,2018-05-03,"{""type"":""MultiPoint"",""coordinates"":[]}"
S1A_IW_GRDH_1SDV_20180510T004717_20180510T004742_021835_025B32_BA2E,,0.2300226047648224,-21.449425540868557,-11.300453358415519,2018-05-10,"{""type"":""MultiPoint"",""coordinates"":[]}"
S1A_IW_GRDH_1SDV_20180522T004718_20180522T004743_022010_0260C7_ED00,,0.31050720770581275,-23.889595022061854,-12.968233670075161,2018-05-22,"{""type"":""MultiPoint"",""coordinates"":[]}"
S1A_IW_GRDH_1SDV_20180527T005543_20180527T005608_022083_026319_E7EB,,0.32093972908823126,-21.69684489349821,-9.697907806189686,2018-05-27,"{""type"":""MultiPoint"",""coordinates"":[]}"
S1A_IW_GRDH_1SDV_20180603T004718_20180603T004743_022185_026653_051D,,0.4080314087503204,-23.870446724779956,-13.972925513422467,2018-06-03,"{""type"":""MultiPoint"",""coordinates"":[]}"
S1A_IW_GRDH_1SDV_20180608T005544_20180608T005609_022258_026899_C715,,0.38978520756046847,-21.6548340694401,-10.32289253968604,2018-06-08,"{""type"":""MultiPoint"",""coordinates"":[]}"
S1A_IW_GRDH_1SDV_20180615T004719_20180615T004744_022360_026BC3_8911,,0.39121170167150443,-23.74313930448896,-13.685025244928275,2018-06-15,"{""type"":""MultiPoint"",""coordinates"":[]}"
S1A_IW_GRDH_1SDV_20180620T005545_20180620T005610_022433_026DF2_A0D9,,0.3765830964822695,-21.771289075781684,-10.953084922444267,2018-06-20,"{""type"":""MultiPoint"",""coordinates"":[]}"
S1A_IW_GRDH_1SDV_20180627T004720_20180627T004745_022535_0270E4_1996,,0.3525443965811761,-22.71223726525684,-13.223788444160364,2018-06-27,"{""type"":""MultiPoint"",""coordinates"":[]}"
S1A_IW_GRDH_1SDV_20180702T005545_20180702T005610_022608_02730D_1FB5,,0.3354188344016633,-19.83615245243876,-8.490119115990076,2018-07-02,"{""type"":""MultiPoint"",""coordinates"":[]}"
S1A_IW_GRDH_1SDV_20180709T004720_20180709T004745_022710_027602_5C86,,0.35742334236786044,-19.458353081589127,-10.663084571173677,2018-07-09,"{""type"":""MultiPoint"",""coordinates"":[]}"
S1A_IW_GRDH_1SDV_20180714T005546_20180714T005611_022783_027843_F355,,0.3618522013979288,-17.362439459506522,-6.853846601623299,2018-07-14,"{""type"":""MultiPoint"",""coordinates"":[]}"
S1A_IW_GRDH_1SDV_20180721T004721_20180721T004746_022885_027B5E_9255,,0.34929781405584365,-19.91240250383405,-11.834455077852729,2018-07-21,"{""type"":""MultiPoint"",""coordinates"":[]}"
S1A_IW_GRDH_1SDV_20180726T005547_20180726T005612_022958_027DC9_EB48,,0.33959609941327207,-17.397073037840496,-8.245228388764422,2018-07-26,"{""type"":""MultiPoint"",""coordinates"":[]}"
S1A_IW_GRDH_1SDV_20180802T004722_20180802T004747_023060_0280E6_8577,,0.3277276284867826,-19.779559663718203,-12.13351425036764,2018-08-02,"{""type"":""MultiPoint"",""coordinates"":[]}"
S1A_IW_GRDH_1SDV_20180807T005548_20180807T005613_023133_02833F_1780,,0.3203215739878443,-16.80116140204065,-8.651720867061057,2018-08-07,"{""type"":""MultiPoint"",""coordinates"":[]}"
S1A_IW_GRDH_1SDV_20180814T004723_20180814T004748_023235_028685_3FDC,,0.34712427095678494,-18.585408573365502,-11.249513635337747,2018-08-14,"{""type"":""MultiPoint"",""coordinates"":[]}"
S1A_IW_GRDH_1SDV_20180826T004723_20180826T004748_023410_028C24_6130,,0.3254204189048309,-20.68030314719067,-13.198080712450222,2018-08-26,"{""type"":""MultiPoint"",""coordinates"":[]}"
S1A_IW_GRDH_1SDV_20180907T004724_20180907T004749_023585_0291BA_6A8B,,0.3039911277712672,-21.213584839221998,-13.170796366513155,2018-09-07,"{""type"":""MultiPoint"",""coordinates"":[]}"
S1A_IW_GRDH_1SDV_20180919T004724_20180919T004749_023760_029757_0600,,0.2832865991756448,-21.014017726855243,-12.43066981637355,2018-09-19,"{""type"":""MultiPoint"",""coordinates"":[]}"
S1A_IW_GRDH_1SDV_20181001T004724_20181001T004749_023935_029D07_B424,,0.31315867953775783,-19.52378941830524,-10.678330378229397,2018-10-01,"{""type"":""MultiPoint"",""coordinates"":[]}"
S1A_IW_GRDH_1SDV_20181013T004725_20181013T004750_024110_02A2C7_7900,,0.27866238980425084,-21.200903310980948,-12.248185186947211,2018-10-13,"{""type"":""MultiPoint"",""coordinates"":[]}"
S1A_IW_GRDH_1SDV_20181025T004725_20181025T004750_024285_02A86F_3DAA,,0.28169485314983866,-22.1653254183056,-12.8574923474326,2018-10-25,"{""type"":""MultiPoint"",""coordinates"":[]}"
S1A_IW_GRDH_1SDV_20181130T004724_20181130T004749_024810_02BB28_8D32,,0.2481706919117348,-22.088153831322916,-13.033238837983268,2018-11-30,"{""type"":""MultiPoint"",""coordinates"":[]}"
S1A_IW_GRDH_1SDV_20181224T004724_20181224T004749_025160_02C77C_195C,,0.2415032310893837,-21.450489864999426,-13.05635466529912,2018-12-24,"{""type"":""MultiPoint"",""coordinates"":[]}"
S1A_IW_GRDH_1SDV_20190105T004723_20190105T004748_025335_02CDCB_8606,,0.2332322296413455,-22.227454363019405,-13.644510861506625,2019-01-05,"{""type"":""MultiPoint"",""coordinates"":[]}"
S1A_IW_GRDH_1SDV_20190117T004723_20190117T004748_025510_02D41D_2F2D,,0.2264184030372583,-22.42032938853363,-13.683457260679306,2019-01-17,"{""type"":""MultiPoint"",""coordinates"":[]}"
S1A_IW_GRDH_1SDV_20190129T004722_20190129T004747_025685_02DA81_9917,,0.22280221752947277,-22.360145538230352,-13.371988252788485,2019-01-29,"{""type"":""MultiPoint"",""coordinates"":[]}"
S1A_IW_GRDH_1SDV_20190505T004723_20190505T004748_027085_030D46_8BFF,,0.20205741731235824,-23.977546287803985,-12.90390071041321,2019-05-05,"{""type"":""MultiPoint"",""coordinates"":[]}"
S1A_IW_GRDH_1SDV_20190610T004725_20190610T004750_027610_031DB2_697B,,0.25206624068729466,-24.008888353995022,-12.237124094995345,2019-06-10,"{""type"":""MultiPoint"",""coordinates"":[]}"
S1A_IW_GRDH_1SDV_20190704T004726_20190704T004751_027960_032835_7E54,,0.28148049419327936,-23.83819274372464,-12.631516884387754,2019-07-04,"{""type"":""MultiPoint"",""coordinates"":[]}"
S1A_IW_GRDH_1SDV_20190716T004727_20190716T004752_028135_032D81_FE29,,0.2937732894467593,-24.588623153977757,-14.031797819694326,2019-07-16,"{""type"":""MultiPoint"",""coordinates"":[]}"
S1A_IW_GRDH_1SDV_20190728T004728_20190728T004753_028310_0332D8_B993,,0.34536837442276674,-22.843524245510874,-13.350124306467958,2019-07-28,"{""type"":""MultiPoint"",""coordinates"":[]}"
S1A_IW_GRDH_1SDV_20190821T004739_20190821T004804_028660_033E51_1969,,0.42967463401933526,-20.45312888545307,-12.203342648238754,2019-08-21,"{""type"":""MultiPoint"",""coordinates"":[]}"
S1A_IW_GRDH_1SDV_20191219T004730_20191219T004755_030410_037AE8_25E8,,0.30700536091970515,-18.880500819981645,-11.016764812822174,2019-12-19,"{""type"":""MultiPoint"",""coordinates"":[]}"
S1A_IW_GRDH_1SDV_20200112T004729_20200112T004754_030760_0386FF_E833,,0.26911205463429066,-18.525675814083172,-11.11146744752397,2020-01-12,"{""type"":""MultiPoint"",""coordinates"":[]}"
S1A_IW_GRDH_1SDV_20200124T004728_20200124T004753_030935_038D24_40CB,8.511219920669946,0.25557684081682425,-18.851029503921435,-11.326140634081558,2020-01-24,"{""type"":""MultiPoint"",""coordinates"":[]}"
S1A_IW_GRDH_1SDV_20200312T004743_20200312T004808_031635_03A56C_527A,5.150741295725016,0.21995132937654965,-20.47942673945531,-12.293040945704107,2020-03-12,"{""type"":""MultiPoint"",""coordinates"":[]}"
S1A_IW_GRDH_1SDV_20200324T004746_20200324T004811_031810_03AB97_BB6B,,0.21293372073547873,-21.00694025156379,-12.483852042729335,2020-03-24,"{""type"":""MultiPoint"",""coordinates"":[]}"
S1A_IW_GRDH_1SDV_20200329T005555_20200329T005620_031883_03AE29_EA0B,,0.21282644371834275,-20.63729543448494,-9.92467633913122,2020-03-29,"{""type"":""MultiPoint"",""coordinates"":[]}"
S1A_IW_GRDH_1SDV_20200405T004746_20200405T004811_031985_03B1B9_277D,4.680329660643483,0.21106958428276743,-21.06394738025618,-12.165816508212062,2020-04-05,"{""type"":""MultiPoint"",""coordinates"":[]}"
S1A_IW_GRDH_1SDV_20200410T005555_20200410T005620_032058_03B45C_E74F,,0.2198183497491216,-21.137524424000258,-10.64989208944496,2020-04-10,"{""type"":""MultiPoint"",""coordinates"":[]}"
S1A_IW_GRDH_1SDV_20200417T004746_20200417T004811_032160_03B7E4_A4DC,,0.21567423129495336,-21.780159386718285,-12.185957295318,2020-04-17,"{""type"":""MultiPoint"",""coordinates"":[]}"
S1A_IW_GRDH_1SDV_20200422T005555_20200422T005620_032233_03BA7B_DB88,,0.233341781869947,-20.683587225357083,-9.469248996566641,2020-04-22,"{""type"":""MultiPoint"",""coordinates"":[]}"
S1A_IW_GRDH_1SDV_20200429T004747_20200429T004812_032335_03BE07_4216,3.7451943587483836,0.2199030810859197,-21.91357826807776,-11.98705092182941,2020-04-29,"{""type"":""MultiPoint"",""coordinates"":[]}"
S1A_IW_GRDH_1SDV_20200504T005548_20200504T005613_032408_03C0A7_3752,,0.23719890742083227,-21.267203757487106,-10.292013764466938,2020-05-04,"{""type"":""MultiPoint"",""coordinates"":[]}"
S1A_IW_GRDH_1SDV_20200511T004747_20200511T004812_032510_03C3DB_0C7B,,0.23497087851723172,-21.867380079910692,-11.365461514771106,2020-05-11,"{""type"":""MultiPoint"",""coordinates"":[]}"
S1A_IW_GRDH_1SDV_20200516T005544_20200516T005609_032583_03C61F_383F,,0.2505910770835614,-21.304755318200332,-9.355197783968643,2020-05-16,"{""type"":""MultiPoint"",""coordinates"":[]}"
S1A_IW_GRDH_1SDV_20200523T004748_20200523T004813_032685_03C929_9E69,3.3077725870427708,0.23926632020866764,-22.601111756547702,-12.043564994815142,2020-05-23,"{""type"":""MultiPoint"",""coordinates"":[]}"
S1A_IW_GRDH_1SDV_20200528T005549_20200528T005614_032758_03CB6A_B949,,0.2330195696099441,-21.8938464880931,-10.923624395151592,2020-05-28,"{""type"":""MultiPoint"",""coordinates"":[]}"
S1A_IW_GRDH_1SDV_20200604T004749_20200604T004814_032860_03CE5E_8A4A,,0.2736511624444762,-20.76528068536351,-10.406255905726214,2020-06-04,"{""type"":""MultiPoint"",""coordinates"":[]}"
S1A_IW_GRDH_1SDV_20200609T005546_20200609T005611_032933_03D094_6504,,0.2573147930228967,-21.094090875085072,-10.13704384062252,2020-06-09,"{""type"":""MultiPoint"",""coordinates"":[]}"
S1A_IW_GRDH_1SDV_20200616T004750_20200616T004815_033035_03D39B_B715,4.02145614808289,0.26001162924720284,-23.11536646914012,-12.742002231041624,2020-06-16,"{""type"":""MultiPoint"",""coordinates"":[]}"
S1A_IW_GRDH_1SDV_20200621T005559_20200621T005611_033108_03D5E2_0F01,,0.2613858170664967,-22.2362990644652,-10.741863049281962,2020-06-21,"{""type"":""MultiPoint"",""coordinates"":[]}"
S1A_IW_GRDH_1SDV_20200628T004750_20200628T004815_033210_03D8EC_1088,,0.3284672240550573,-24.234789796568815,-13.356209078976594,2020-06-28,"{""type"":""MultiPoint"",""coordinates"":[]}"
S1A_IW_GRDH_1SDV_20200703T005559_20200703T005612_033283_03DB30_E3B9,,0.3285791330725193,-21.243233509459056,-9.730181888590822,2020-07-03,"{""type"":""MultiPoint"",""coordinates"":[]}"
S1A_IW_GRDH_1SDV_20200710T004751_20200710T004816_033385_03DE3A_AABD,9.41152842661971,0.35083202126095564,-19.992704121103973,-10.095902045266433,2020-07-10,"{""type"":""MultiPoint"",""coordinates"":[]}"
S1A_IW_GRDH_1SDV_20200715T005600_20200715T005613_033458_03E087_209F,,0.34823684161706947,-19.3784830486846,-9.007823341892873,2020-07-15,"{""type"":""MultiPoint"",""coordinates"":[]}"
S1A_IW_GRDH_1SDV_20200722T004752_20200722T004817_033560_03E397_0460,,0.3822501228070197,-21.82884528496948,-12.332073897085166,2020-07-22,"{""type"":""MultiPoint"",""coordinates"":[]}"
S1A_IW_GRDH_1SDV_20200727T005601_20200727T005614_033633_03E5E5_06B3,,0.39335827638527404,-17.539353563081,-8.31573318961531,2020-07-27,"{""type"":""MultiPoint"",""coordinates"":[]}"
S1A_IW_GRDH_1SDV_20200803T004752_20200803T004817_033735_03E8F4_B66E,12.60009343323058,0.39269583166013655,-19.693848797335235,-11.086152928949371,2020-08-03,"{""type"":""MultiPoint"",""coordinates"":[]}"
S1A_IW_GRDH_1SDV_20200808T005602_20200808T005614_033808_03EB6E_F144,,0.430643085538202,-15.127905166008999,-7.16874170411162,2020-08-08,"{""type"":""MultiPoint"",""coordinates"":[]}"
S1A_IW_GRDH_1SDV_20200820T005602_20200820T005615_033983_03F190_A2CD,,0.45349425846813235,-15.632128526348671,-7.867855855625936,2020-08-20,"{""type"":""MultiPoint"",""coordinates"":[]}"
S1A_IW_GRDH_1SDV_20200827T004754_20200827T004819_034085_03F51B_E561,12.658424856765187,0.4226936578435151,-19.145280632720304,-11.517491038764824,2020-08-27,"{""type"":""MultiPoint"",""coordinates"":[]}"
S1A_IW_GRDH_1SDV_20200901T005603_20200901T005616_034158_03F7BD_2CB6,,0.400427952886364,-17.294315028541142,-9.238471825838138,2020-09-01,"{""type"":""MultiPoint"",""coordinates"":[]}"
S1A_IW_GRDH_1SDV_20200908T004754_20200908T004819_034260_03FB46_29D6,,0.427241102084452,-17.69203794924072,-10.249387926381928,2020-09-08,"{""type"":""MultiPoint"",""coordinates"":[]}"
S1A_IW_GRDH_1SDV_20200913T005603_20200913T005616_034333_03FDDD_2B04,,0.4358461994313032,-14.306645584494374,-6.425901888575665,2020-09-13,"{""type"":""MultiPoint"",""coordinates"":[]}"
S1A_IW_GRDH_1SDV_20200920T004755_20200920T004820_034435_04017D_83FB,13.203070074922968,0.4369480882241987,-16.678568616014765,-9.392945032306798,2020-09-20,"{""type"":""MultiPoint"",""coordinates"":[]}"
S1A_IW_GRDH_1SDV_20200925T005604_20200925T005616_034508_040409_DDC6,,0.430594476819985,-17.224022168354253,-8.393380439285997,2020-09-25,"{""type"":""MultiPoint"",""coordinates"":[]}"
S1A_IW_GRDH_1SDV_20201002T004755_20201002T004820_034610_04079D_1BCB,,0.43866499442628,-17.759043962521513,-9.957812374287052,2020-10-02,"{""type"":""MultiPoint"",""coordinates"":[]}"
S1A_IW_GRDH_1SDV_20201007T005604_20201007T005617_034683_040A32_2F01,,0.42966482468262684,-16.93201484278782,-7.999484058739107,2020-10-07,"{""type"":""MultiPoint"",""coordinates"":[]}"
S1A_IW_GRDH_1SDV_20201014T004755_20201014T004820_034785_040DBB_481B,13.067850154253053,0.4502255695422095,-16.467418987469493,-9.016136613554062,2020-10-14,"{""type"":""MultiPoint"",""coordinates"":[]}"
S1A_IW_GRDH_1SDV_20201019T005601_20201019T005614_034858_041058_69D5,,0.4394799350763343,-17.92154687748397,-8.73130862981699,2020-10-19,"{""type"":""MultiPoint"",""coordinates"":[]}"
S1A_IW_GRDH_1SDV_20201026T004755_20201026T004820_034960_0413C9_EC97,,0.4386788457588253,-18.093847582062104,-9.925104225115707,2020-10-26,"{""type"":""MultiPoint"",""coordinates"":[]}"
S1A_IW_GRDH_1SDV_20201031T005601_20201031T005614_035033_041642_D600,,0.4155811788807263,-18.24198503873236,-9.561448357847206,2020-10-31,"{""type"":""MultiPoint"",""coordinates"":[]}"
S1A_IW_GRDH_1SDV_20201107T004755_20201107T004820_035135_0419CB_85D7,9.184704275011073,0.3820186684724691,-18.387609627933717,-10.400279808936029,2020-11-07,"{""type"":""MultiPoint"",""coordinates"":[]}"
S1A_IW_GRDH_1SDV_20201112T005601_20201112T005614_035208_041C66_A531,,0.36397486776157334,-17.909047660612508,-9.75239038650607,2020-11-12,"{""type"":""MultiPoint"",""coordinates"":[]}"
S1A_IW_GRDH_1SDV_20201119T004755_20201119T004820_035310_041FEC_BCD4,,0.3509387276394163,-18.43481927823139,-10.192455911354257,2020-11-19,"{""type"":""MultiPoint"",""coordinates"":[]}"
S1A_IW_GRDH_1SDV_20201124T005601_20201124T005613_035383_04226C_B8D0,,0.3372711878915074,-18.0660285422483,-9.65172921700952,2020-11-24,"{""type"":""MultiPoint"",""coordinates"":[]}"
S1A_IW_GRDH_1SDV_20201201T004754_20201201T004819_035485_0425F7_42C8,8.645028646981089,0.32408083366737833,-18.732174996594946,-10.657756885053875,2020-12-01,"{""type"":""MultiPoint"",""coordinates"":[]}"
S1A_IW_GRDH_1SDV_20201206T005600_20201206T005613_035558_042875_ED4B,,0.3134660281282564,-18.31999787766993,-9.899366130382235,2020-12-06,"{""type"":""MultiPoint"",""coordinates"":[]}"
S1A_IW_GRDH_1SDV_20201213T004754_20201213T004819_035660_042BF9_050A,,0.30234393979110863,-18.637453467202832,-11.137562625864067,2020-12-13,"{""type"":""MultiPoint"",""coordinates"":[]}"
S1A_IW_GRDH_1SDV_20201218T005600_20201218T005613_035733_042E7D_FB24,,0.29461765116241123,-17.792998056056263,-9.586533084578177,2020-12-18,"{""type"":""MultiPoint"",""coordinates"":[]}"
S1A_IW_GRDH_1SDV_20201225T004753_20201225T004818_035835_0431FD_15B9,10.249333627148571,0.2840791088593284,-18.361106207786136,-10.992428374326282,2020-12-25,"{""type"":""MultiPoint"",""coordinates"":[]}"
S1A_IW_GRDH_1SDV_20201230T005559_20201230T005624_035908_04349E_774B,,0.2773468805188399,-18.002141908371915,-10.043730224122426,2020-12-30,"{""type"":""MultiPoint"",""coordinates"":[]}"
S1A_IW_GRDH_1SDV_20210106T004753_20210106T004818_036010_043816_D22D,,0.27257232564279393,-18.171425915231758,-10.685166893994817,2021-01-06,"{""type"":""MultiPoint"",""coordinates"":[]}"
S1A_IW_GRDH_1SDV_20210111T005559_20210111T005624_036083_043AB6_3173,,0.3010124381028075,-16.502670454271627,-8.228455388112595,2021-01-11,"{""type"":""MultiPoint"",""coordinates"":[]}"
S1A_IW_GRDH_1SDV_20210118T004752_20210118T004817_036185_043E36_E204,,0.2827429882360536,-18.364460816551748,-10.795248099021308,2021-01-18,"{""type"":""MultiPoint"",""coordinates"":[]}"
S1A_IW_GRDH_1SDV_20210123T005558_20210123T005623_036258_0440D1_346C,,0.27448576800492336,-17.879450576338197,-9.696112805686772,2021-01-23,"{""type"":""MultiPoint"",""coordinates"":[]}"
S1A_IW_GRDH_1SDV_20210130T004752_20210130T004817_036360_04444D_B7B5,,0.2648869920823197,-18.95523860999851,-11.528655380853925,2021-01-30,"{""type"":""MultiPoint"",""coordinates"":[]}"
S1A_IW_GRDH_1SDV_20210204T005558_20210204T005623_036433_0446E0_8B05,,0.25932248602699315,-18.40023333904673,-10.304895585095247,2021-02-04,"{""type"":""MultiPoint"",""coordinates"":[]}"
S1A_IW_GRDH_1SDV_20210211T004752_20210211T004817_036535_044A5F_4E0D,,0.25029200796115697,-19.429182147095446,-11.98043380129102,2021-02-11,"{""type"":""MultiPoint"",""coordinates"":[]}"
S1A_IW_GRDH_1SDV_20210216T005557_20210216T005622_036608_044CFE_211D,,0.2454158636453537,-18.66643725648851,-10.27888045566751,2021-02-16,"{""type"":""MultiPoint"",""coordinates"":[]}"
S1A_IW_GRDH_1SDV_20210223T004751_20210223T004816_036710_04507D_A8DC,,0.25060318664079984,-18.459923609386365,-10.791436688314283,2021-02-23,"{""type"":""MultiPoint"",""coordinates"":[]}"
S1A_IW_GRDH_1SDV_20210228T005557_20210228T005622_036783_04530C_284A,,0.24245100608383066,-19.67985826315101,-10.962339268490794,2021-02-28,"{""type"":""MultiPoint"",""coordinates"":[]}"
S1A_IW_GRDH_1SDV_20210307T004751_20210307T004816_036885_045692_7682,,0.2329735838334654,-20.45734882299079,-12.536390910457305,2021-03-07,"{""type"":""MultiPoint"",""coordinates"":[]}"
S1A_IW_GRDH_1SDV_20210312T005557_20210312T005622_036958_045925_15EF,,0.22876216489597137,-20.066408684869227,-11.156296667646542,2021-03-12,"{""type"":""MultiPoint"",""coordinates"":[]}"
S1A_IW_GRDH_1SDV_20210319T004751_20210319T004816_037060_045CAB_AD1B,,0.22313221618292167,-21.062416767744303,-12.896680112860818,2021-03-19,"{""type"":""MultiPoint"",""coordinates"":[]}"
S1A_IW_GRDH_1SDV_20210324T005558_20210324T005623_037133_045F3A_B397,,0.21999522588404447,-20.610856423432924,-11.648813604620571,2021-03-24,"{""type"":""MultiPoint"",""coordinates"":[]}"
S1A_IW_GRDH_1SDV_20210331T004751_20210331T004816_037235_0462B7_C347,,0.2172193063844201,-21.337777309964977,-12.843076352194382,2021-03-31,"{""type"":""MultiPoint"",""coordinates"":[]}"
S1A_IW_GRDH_1SDV_20210405T005558_20210405T005623_037308_046544_9735,,0.21279055971988547,-20.676298395208086,-11.230153811394562,2021-04-05,"{""type"":""MultiPoint"",""coordinates"":[]}"
S1A_IW_GRDH_1SDV_20210412T004752_20210412T004817_037410_0468C2_92D4,,0.220396418986479,-19.058328895432073,-10.46976360859983,2021-04-12,"{""type"":""MultiPoint"",""coordinates"":[]}"
S1A_IW_GRDH_1SDV_20210417T005558_20210417T005623_037483_046B51_A7F2,,0.21774530632903885,-20.843016776103365,-10.837033644982187,2021-04-17,"{""type"":""MultiPoint"",""coordinates"":[]}"
S1A_IW_GRDH_1SDV_20210424T004753_20210424T004818_037585_046ECF_ECEA,,0.22360927698560343,-19.221032010426953,-10.504601149491133,2021-04-24,"{""type"":""MultiPoint"",""coordinates"":[]}"
S1A_IW_GRDH_1SDV_20210429T005559_20210429T005624_037658_047168_B0B2,,0.23143048520930837,-19.150368762166437,-8.262797609019488,2021-04-29,"{""type"":""MultiPoint"",""coordinates"":[]}"
S1A_IW_GRDH_1SDV_20210506T004753_20210506T004818_037760_0474DD_806F,,0.2430190930197219,-19.995127929947465,-10.33297767660315,2021-05-06,"{""type"":""MultiPoint"",""coordinates"":[]}"
S1A_IW_GRDH_1SDV_20210511T005559_20210511T005624_037833_047720_E4F1,,0.2890481002907024,-20.699033026739265,-9.282863608880982,2021-05-11,"{""type"":""MultiPoint"",""coordinates"":[]}"
S1A_IW_GRDH_1SDV_20210518T004753_20210518T004818_037935_047A22_322E,,0.2751689684264838,-21.680160240505426,-11.301064245810425,2021-05-18,"{""type"":""MultiPoint"",""coordinates"":[]}"
S1A_IW_GRDH_1SDV_20210523T005600_20210523T005625_038008_047C68_4D3A,,0.28305167858827057,-20.49738515524474,-8.570943760689415,2021-05-23,"{""type"":""MultiPoint"",""coordinates"":[]}"
S1A_IW_GRDH_1SDV_20210530T004754_20210530T004819_038110_047F66_74D7,,0.2715371472060558,-22.331591023387105,-12.335629983902264,2021-05-30,"{""type"":""MultiPoint"",""coordinates"":[]}"
S1A_IW_GRDH_1SDV_20210604T005601_20210604T005626_038183_0481A3_3C0B,,0.30555516395523996,-18.08328298393328,-7.459424903814298,2021-06-04,"{""type"":""MultiPoint"",""coordinates"":[]}"
S1A_IW_GRDH_1SDV_20210611T004755_20210611T004820_038285_048493_B3A5,,0.30510088701487936,-21.94154616406048,-11.831770261320116,2021-06-11,"{""type"":""MultiPoint"",""coordinates"":[]}"
S1A_IW_GRDH_1SDV_20210616T005602_20210616T005627_038358_0486D6_FFF1,,0.3444821132400114,-17.30177257570141,-6.644083507323184,2021-06-16,"{""type"":""MultiPoint"",""coordinates"":[]}"
S1A_IW_GRDH_1SDV_20210623T004756_20210623T004821_038460_0489CA_F892,,0.34783277971469045,-22.86174455531858,-12.533758323509302,2021-06-23,"{""type"":""MultiPoint"",""coordinates"":[]}"
S1A_IW_GRDH_1SDV_20210628T005602_20210628T005627_038533_048C16_8B44,,0.35361189351156175,-19.846657237518095,-8.951203397717528,2021-06-28,"{""type"":""MultiPoint"",""coordinates"":[]}"
S1A_IW_GRDH_1SDV_20210705T004757_20210705T004822_038635_048F13_A273,,0.329761582178356,-21.322251198622318,-11.737953052605796,2021-07-05,"{""type"":""MultiPoint"",""coordinates"":[]}"
S1A_IW_GRDH_1SDV_20210710T005603_20210710T005628_038708_049158_51C6,,0.34207526101711333,-19.59773878099221,-9.577924107780088,2021-07-10,"{""type"":""MultiPoint"",""coordinates"":[]}"
S1A_IW_GRDH_1SDV_20210717T004757_20210717T004822_038810_049451_39C4,,0.3460211450827189,-19.329588945364957,-10.823332067086767,2021-07-17,"{""type"":""MultiPoint"",""coordinates"":[]}"
S1A_IW_GRDH_1SDV_20210722T005604_20210722T005629_038883_049695_B387,,0.3892405658776324,-16.018765272792564,-6.570056820077847,2021-07-22,"{""type"":""MultiPoint"",""coordinates"":[]}"
S1A_IW_GRDH_1SDV_20210729T004758_20210729T004823_038985_049989_6DEF,,0.40093728837739806,-18.553049974799414,-10.797700916562828,2021-07-29,"{""type"":""MultiPoint"",""coordinates"":[]}"
S1A_IW_GRDH_1SDV_20210803T005604_20210803T005629_039058_049BC7_F989,,0.38092561077980486,-16.779321289047427,-8.653982475930075,2021-08-03,"{""type"":""MultiPoint"",""coordinates"":[]}"
S1A_IW_GRDH_1SDV_20210810T004759_20210810T004824_039160_049F39_ECBB,,0.36405554577660065,-17.957597779321073,-10.49255009120961,2021-08-10,"{""type"":""MultiPoint"",""coordinates"":[]}"
S1A_IW_GRDH_1SDV_20210815T005605_20210815T005630_039233_04A1BF_8A47,,0.3554994110954542,-17.144003673537355,-9.361527259008238,2021-08-15,"{""type"":""MultiPoint"",""coordinates"":[]}"
S1A_IW_GRDH_1SDV_20210822T004759_20210822T004824_039335_04A541_849B,,0.3615602229893542,-16.89849353111534,-9.84006604880317,2021-08-22,"{""type"":""MultiPoint"",""coordinates"":[]}"
S1A_IW_GRDH_1SDV_20210827T005606_20210827T005631_039408_04A7BA_C57D,,0.3515212055480822,-17.716577535977525,-9.723494596428143,2021-08-27,"{""type"":""MultiPoint"",""coordinates"":[]}"
S1A_IW_GRDH_1SDV_20210903T004800_20210903T004825_039510_04AB39_5378,,0.3535193965842324,-19.164517819385733,-11.570083375603307,2021-09-03,"{""type"":""MultiPoint"",""coordinates"":[]}"
S1A_IW_GRDH_1SDV_20210908T005606_20210908T005631_039583_04ADCE_314F,,0.3639720969079559,-17.873925338959154,-9.280865369963855,2021-09-08,"{""type"":""MultiPoint"",""coordinates"":[]}"
S1A_IW_GRDH_1SDV_20210915T004800_20210915T004825_039685_04B14F_E5D6,,0.33842764258980584,-18.994595596322682,-11.119555577148452,2021-09-15,"{""type"":""MultiPoint"",""coordinates"":[]}"
S1A_IW_GRDH_1SDV_20210920T005607_20210920T005632_039758_04B3BB_3DB7,,0.31894032354391316,-19.168574721105667,-10.110290966483726,2021-09-20,"{""type"":""MultiPoint"",""coordinates"":[]}"
S1A_IW_GRDH_1SDV_20210927T004801_20210927T004826_039860_04B72E_EA6D,,0.322288980022384,-19.780385987452792,-11.31945987469703,2021-09-27,"{""type"":""MultiPoint"",""coordinates"":[]}"
S1A_IW_GRDH_1SDV_20211002T005607_20211002T005632_039933_04B9C5_250C,,0.3286366968321753,-15.986692683660094,-6.356034736650603,2021-10-02,"{""type"":""MultiPoint"",""coordinates"":[]}"
S1A_IW_GRDH_1SDV_20211009T004801_20211009T004826_040035_04BD42_93A0,,0.33559550475948047,-19.00318745078024,-9.93193248424642,2021-10-09,"{""type"":""MultiPoint"",""coordinates"":[]}"
S1A_IW_GRDH_1SDV_20211014T005607_20211014T005632_040108_04BFD3_5767,,0.33304559559690305,-19.419975959170397,-9.219454730828256,2021-10-14,"{""type"":""MultiPoint"",""coordinates"":[]}"
S1A_IW_GRDH_1SDV_20211021T004801_20211021T004826_040210_04C35B_F337,,0.3108625555609789,-19.98869223995846,-11.375136637378573,2021-10-21,"{""type"":""MultiPoint"",""coordinates"":[]}"
S1A_IW_GRDH_1SDV_20211026T005607_20211026T005632_040283_04C5EA_17F5,,0.32219328719249596,-17.504034186070175,-7.824272354951024,2021-10-26,"{""type"":""MultiPoint"",""coordinates"":[]}"
S1A_IW_GRDH_1SDV_20211102T004801_20211102T004826_040385_04C969_C1AA,,0.3080998901951423,-18.871658445168805,-10.037039198269222,2021-11-02,"{""type"":""MultiPoint"",""coordinates"":[]}"
S1A_IW_GRDH_1SDV_20211114T004801_20211114T004826_040560_04CF86_E175,,0.29692492125595865,-18.73916070514171,-10.533105710106089,2021-11-14,"{""type"":""MultiPoint"",""coordinates"":[]}"
S1A_IW_GRDH_1SDV_20211119T005607_20211119T005632_040633_04D20B_6BB1,,0.339050421238787,-16.224764886919196,-6.808256393177835,2021-11-19,"{""type"":""MultiPoint"",""coordinates"":[]}"
S1A_IW_GRDH_1SDV_20211126T004800_20211126T004825_040735_04D58F_61B0,,0.36323147578402093,-17.8006225989348,-10.348295080470153,2021-11-26,"{""type"":""MultiPoint"",""coordinates"":[]}"
S1A_IW_GRDH_1SDV_20211201T005606_20211201T005631_040808_04D828_9525,,0.3538509281951868,-17.1570248304812,-8.532198971912992,2021-12-01,"{""type"":""MultiPoint"",""coordinates"":[]}"
S1A_IW_GRDH_1SDV_20211208T004800_20211208T004825_040910_04DBAA_8073,,0.3565697993067776,-18.42905284335563,-11.229176174322212,2021-12-08,"{""type"":""MultiPoint"",""coordinates"":[]}"
S1A_IW_GRDH_1SDV_20211213T005606_20211213T005631_040983_04DE32_BEEA,,0.3455591184431861,-17.864989468508533,-9.711999716830809,2021-12-13,"{""type"":""MultiPoint"",""coordinates"":[]}"
S1A_IW_GRDH_1SDV_20211220T004759_20211220T004824_041085_04E18B_6D53,,0.3266885255898003,-18.636774508427187,-11.418104108662602,2021-12-20,"{""type"":""MultiPoint"",""coordinates"":[]}"
S1A_IW_GRDH_1SDV_20220101T004759_20220101T004824_041260_04E75B_91E0,,0.30484145494181786,-18.069789172914778,-10.763087026013242,2022-01-01,"{""type"":""MultiPoint"",""coordinates"":[]}"
S1A_IW_GRDH_1SDV_20220106T005604_20220106T005629_041333_04E9EF_15A5,,0.2964266189246696,-18.255716506662285,-10.473567574215611,2022-01-06,"{""type"":""MultiPoint"",""coordinates"":[]}"
S1A_IW_GRDH_1SDV_20220113T004758_20220113T004823_041435_04ED42_68D9,,0.2845938505188083,-18.63023616535026,-11.059443870347568,2022-01-13,"{""type"":""MultiPoint"",""coordinates"":[]}"
S1A_IW_GRDH_1SDV_20220118T005604_20220118T005629_041508_04EFA4_D7BA,,0.2778828809258519,-18.332810166031415,-10.384241751297353,2022-01-18,"{""type"":""MultiPoint"",""coordinates"":[]}"
S1A_IW_GRDH_1SDV_20220130T005603_20220130T005628_041683_04F595_5063,,0.26271114071846996,-19.165754579781233,-11.032329558962818,2022-01-30,"{""type"":""MultiPoint"",""coordinates"":[]}"
S1A_IW_GRDH_1SDV_20220206T004757_20220206T004822_041785_04F917_274F,,0.25381050871176364,-19.875070789961526,-12.293750106305973,2022-02-06,"{""type"":""MultiPoint"",""coordinates"":[]}"
S1A_IW_GRDH_1SDV_20220211T005603_20220211T005628_041858_04FBA9_D3F7,,0.24938716915767717,-19.856244261589943,-11.323036859230148,2022-02-11,"{""type"":""MultiPoint"",""coordinates"":[]}"
S1A_IW_GRDH_1SDV_20220218T004757_20220218T004822_041960_04FF31_F837,,0.24297650271007445,-20.429569480809135,-12.720965427109856,2022-02-18,"{""type"":""MultiPoint"",""coordinates"":[]}"
S1A_IW_GRDH_1SDV_20220223T005603_20220223T005628_042033_0501C5_39F1,,0.23876247723482533,-20.213083337331096,-11.576364470515042,2022-02-23,"{""type"":""MultiPoint"",""coordinates"":[]}"
S1A_IW_GRDH_1SDV_20220307T005603_20220307T005628_042208_0507B4_DB89,,0.22771280930344417,-20.451175016123532,-11.643195918996863,2022-03-07,"{""type"":""MultiPoint"",""coordinates"":[]}"
S1A_IW_GRDH_1SDV_20220314T004757_20220314T004822_042310_050B21_AE8D,,0.22375232122358743,-21.187803843775562,-12.82433899738226,2022-03-14,"{""type"":""MultiPoint"",""coordinates"":[]}"
S1A_IW_GRDH_1SDV_20220314T004757_20220314T004822_042310_050B21_F48E,,0.22375232122358743,-21.187813951995263,-12.824332714046445,2022-03-14,"{""type"":""MultiPoint"",""coordinates"":[]}"
S1A_IW_GRDH_1SDV_20220319T005603_20220319T005628_042383_050DA3_6BF7,,0.22082313000542464,-20.235357809385075,-11.02397507792358,2022-03-19,"{""type"":""MultiPoint"",""coordinates"":[]}"
S1A_IW_GRDH_1SDV_20220326T004757_20220326T004822_042485_051116_3D34,,0.22786662253307208,-19.938172876863163,-11.4251026259402,2022-03-26,"{""type"":""MultiPoint"",""coordinates"":[]}"
S1A_IW_GRDH_1SDV_20220331T005603_20220331T005628_042558_05139A_A3AA,,0.2233874481089219,-20.100759348731753,-10.046206256298344,2022-03-31,"{""type"":""MultiPoint"",""coordinates"":[]}"
S1A_IW_GRDH_1SDV_20220407T004757_20220407T004822_042660_051703_FE4B,,0.2251778610556732,-20.97619154092699,-11.866944477285934,2022-04-07,"{""type"":""MultiPoint"",""coordinates"":[]}"
S1A_IW_GRDH_1SDV_20220412T005604_20220412T005629_042733_05197A_72E1,,0.23571900143163485,-20.44418249876333,-10.127534829555318,2022-04-12,"{""type"":""MultiPoint"",""coordinates"":[]}"
S1A_IW_GRDH_1SDV_20220419T004758_20220419T004823_042835_051CE0_1D68,,0.23802126237344348,-21.169800461937275,-11.641164969611433,2022-04-19,"{""type"":""MultiPoint"",""coordinates"":[]}"
S1A_IW_GRDH_1SDV_20220501T004758_20220501T004823_043010_0522A0_D6CA,,0.26497188043555814,-21.605029908983354,-11.530598927320497,2022-05-01,"{""type"":""MultiPoint"",""coordinates"":[]}"
S1A_IW_GRDH_1SDV_20220513T004759_20220513T004824_043185_052850_BA35,,0.2613106869277237,-18.61804488288683,-9.163899848669834,2022-05-13,"{""type"":""MultiPoint"",""coordinates"":[]}"
S1A_IW_GRDH_1SDV_20220518T005605_20220518T005630_043258_052A89_540E,,0.2753157642694896,-17.809767174022042,-6.1226189059838765,2022-05-18,"{""type"":""MultiPoint"",""coordinates"":[]}"
S1A_IW_GRDH_1SDV_20220525T004800_20220525T004825_043360_052D87_E4A3,,0.3103376421743336,-21.270951109226015,-11.0937676108151,2022-05-25,"{""type"":""MultiPoint"",""coordinates"":[]}"
S1A_IW_GRDH_1SDV_20220530T005607_20220530T005632_043433_052FB5_C93D,,0.29015163997978516,-20.099383121114553,-9.778029075914507,2022-05-30,"{""type"":""MultiPoint"",""coordinates"":[]}"
S1A_IW_GRDH_1SDV_20220606T004801_20220606T004826_043535_0532B4_BC60,,0.3569022253554417,-21.673352538480216,-11.62850250600961,2022-06-06,"{""type"":""MultiPoint"",""coordinates"":[]}"
S1A_IW_GRDH_1SDV_20220611T005607_20220611T005632_043608_0534E1_D545,,0.31443636996085006,-19.881266342527063,-9.335136850977076,2022-06-11,"{""type"":""MultiPoint"",""coordinates"":[]}"
S1A_IW_GRDH_1SDV_20220618T004802_20220618T004827_043710_0537E8_7B3B,,0.30517321223898597,-20.211071610626497,-10.574097241757714,2022-06-18,"{""type"":""MultiPoint"",""coordinates"":[]}"
S1A_IW_GRDH_1SDV_20220623T005608_20220623T005633_043783_053A23_F989,,0.316035552012223,-19.930284946252634,-8.600192501541049,2022-06-23,"{""type"":""MultiPoint"",""coordinates"":[]}"
S1A_IW_GRDH_1SDV_20220630T004802_20220630T004827_043885_053D2C_77B2,,0.30182033611619813,-21.397993114643118,-12.103951154050804,2022-06-30,"{""type"":""MultiPoint"",""coordinates"":[]}"
S1A_IW_GRDH_1SDV_20220705T005609_20220705T005634_043958_053F54_2489,,0.3139045023192592,-16.943713058981324,-6.043238532321773,2022-07-05,"{""type"":""MultiPoint"",""coordinates"":[]}"
S1A_IW_GRDH_1SDV_20220712T004803_20220712T004828_044060_05425C_55DF,,0.42705508015044336,-16.476912981573058,-8.471399984425403,2022-07-12,"{""type"":""MultiPoint"",""coordinates"":[]}"
S1A_IW_GRDH_1SDV_20220717T005610_20220717T005635_044133_054490_2C3E,,0.4494406524229599,-15.389798438626276,-5.9221747652565675,2022-07-17,"{""type"":""MultiPoint"",""coordinates"":[]}"
S1A_IW_GRDH_1SDV_20220724T004742_20220724T004807_044235_054796_0141,,0.4271722662908054,-17.24151823176469,-9.940551563839037,2022-07-24,"{""type"":""MultiPoint"",""coordinates"":[]}"
S1A_IW_GRDH_1SDV_20220724T004807_20220724T004832_044235_054796_9C53,,0.4271722662908054,-17.11701396618416,-9.889414434725591,2022-07-24,"{""type"":""MultiPoint"",""coordinates"":[]}"
S1A_IW_GRDH_1SDV_20220729T005614_20220729T005639_044308_0549BC_871D,,0.46975516519347427,-14.896599840923649,-6.509709578574224,2022-07-29,"{""type"":""MultiPoint"",""coordinates"":[]}"
S1A_IW_GRDH_1SDV_20220805T004743_20220805T004808_044410_054CBB_8FDC,,0.48864431057527347,-15.561032934374811,-8.890093252956389,2022-08-05,"{""type"":""MultiPoint"",""coordinates"":[]}"
S1A_IW_GRDH_1SDV_20220805T004808_20220805T004833_044410_054CBB_F0B6,,0.48864431057527347,-15.465961485666229,-8.741243781367059,2022-08-05,"{""type"":""MultiPoint"",""coordinates"":[]}"
S1A_IW_GRDH_1SDV_20220810T005615_20220810T005640_044483_054EEC_6546,,0.4811389096534734,-15.133181301758764,-7.1265617348558665,2022-08-10,"{""type"":""MultiPoint"",""coordinates"":[]}"
S1A_IW_GRDH_1SDV_20220817T004744_20220817T004809_044585_055257_3EB3,,0.4502893407286635,-18.44953799090745,-11.418745346575804,2022-08-17,"{""type"":""MultiPoint"",""coordinates"":[]}"
S1A_IW_GRDH_1SDV_20220817T004809_20220817T004834_044585_055257_3587,,0.4502893407286635,-17.759880632733953,-11.026539243263283,2022-08-17,"{""type"":""MultiPoint"",""coordinates"":[]}"
S1A_IW_GRDH_1SDV_20220829T004744_20220829T004809_044760_055842_0411,,0.4240866827197161,-18.31150875885392,-10.516960250808028,2022-08-29,"{""type"":""MultiPoint"",""coordinates"":[]}"
S1A_IW_GRDH_1SDV_20220829T004809_20220829T004834_044760_055842_69F0,,0.4240866827197161,-16.612797438433144,-9.541734027593904,2022-08-29,"{""type"":""MultiPoint"",""coordinates"":[]}"
S1A_IW_GRDH_1SDV_20220910T004745_20220910T004810_044935_055E1D_BA84,,0.4773795622581948,-15.9677097186669,-8.759165138467168,2022-09-10,"{""type"":""MultiPoint"",""coordinates"":[]}"
S1A_IW_GRDH_1SDV_20220910T004810_20220910T004835_044935_055E1D_F213,,0.4773795622581948,-15.998115891629583,-9.267848529477625,2022-09-10,"{""type"":""MultiPoint"",""coordinates"":[]}"
S1A_IW_GRDH_1SDV_20220922T004744_20220922T004809_045110_056408_F24E,,0.42223070546550934,-18.707907156273514,-10.327731809785645,2022-09-22,"{""type"":""MultiPoint"",""coordinates"":[]}"
S1A_IW_GRDH_1SDV_20220922T004809_20220922T004834_045110_056408_096D,,0.42223070546550934,-18.74710771720234,-10.719420554229659,2022-09-22,"{""type"":""MultiPoint"",""coordinates"":[]}"
S1A_IW_GRDH_1SDV_20221004T004745_20221004T004810_045285_0569E8_5D2D,,0.427514319602478,-18.418838392947865,-9.593495550788228,2022-10-04,"{""type"":""MultiPoint"",""coordinates"":[]}"
S1A_IW_GRDH_1SDV_20221004T004810_20221004T004835_045285_0569E8_E0D3,,0.427514319602478,-18.36558617270612,-9.879096551761178,2022-10-04,"{""type"":""MultiPoint"",""coordinates"":[]}"
S1A_IW_GRDH_1SDV_20221016T004746_20221016T004811_045460_056FBF_6751,,0.46001756621507733,-18.972893928172585,-10.573427389853594,2022-10-16,"{""type"":""MultiPoint"",""coordinates"":[]}"
S1A_IW_GRDH_1SDV_20221016T004811_20221016T004836_045460_056FBF_2F39,,0.46001756621507733,-19.33569628536901,-11.150026512481434,2022-10-16,"{""type"":""MultiPoint"",""coordinates"":[]}"
S1A_IW_GRDH_1SDV_20221028T004746_20221028T004811_045635_0574F1_128E,,0.4162765661343798,-19.806726039302806,-11.633264320022176,2022-10-28,"{""type"":""MultiPoint"",""coordinates"":[]}"
S1A_IW_GRDH_1SDV_20221028T004811_20221028T004836_045635_0574F1_4D3F,,0.4162765661343798,-20.214290267049993,-12.096556844641745,2022-10-28,"{""type"":""MultiPoint"",""coordinates"":[]}"
S1A_IW_GRDH_1SDV_20221109T004745_20221109T004810_045810_057AE2_B0C7,,0.3723381771493822,-19.244853901123662,-11.064864362927034,2022-11-09,"{""type"":""MultiPoint"",""coordinates"":[]}"
S1A_IW_GRDH_1SDV_20221109T004810_20221109T004835_045810_057AE2_1CEC,,0.3723381771493822,-19.602832584354665,-11.28765841876589,2022-11-09,"{""type"":""MultiPoint"",""coordinates"":[]}"
S1A_IW_GRDH_1SDV_20221121T004745_20221121T004810_045985_0580C3_3124,,0.3351735927994833,-19.500885463543135,-11.230916729611778,2022-11-21,"{""type"":""MultiPoint"",""coordinates"":[]}"
S1A_IW_GRDH_1SDV_20221121T004810_20221121T004835_045985_0580C3_48B9,,0.3351735927994833,-19.838200866958523,-11.461593764277788,2022-11-21,"{""type"":""MultiPoint"",""coordinates"":[]}"
S1A_IW_GRDH_1SDV_20221126T005616_20221126T005641_046058_058342_CE48,,0.32930749334051,-18.548681413839223,-9.865015267169316,2022-11-26,"{""type"":""MultiPoint"",""coordinates"":[]}"
S1A_IW_GRDH_1SDV_20221203T004745_20221203T004810_046160_0586BA_66EE,,0.3172451579651389,-19.10459317301593,-11.064963993975846,2022-12-03,"{""type"":""MultiPoint"",""coordinates"":[]}"
S1A_IW_GRDH_1SDV_20221203T004810_20221203T004835_046160_0586BA_64C7,,0.3172451579651389,-19.492410093173593,-11.264725372655887,2022-12-03,"{""type"":""MultiPoint"",""coordinates"":[]}"
S1A_IW_GRDH_1SDV_20221215T004744_20221215T004809_046335_058CAF_FD99,,0.3231588604081488,-18.162830899061753,-10.643150562701088,2022-12-15,"{""type"":""MultiPoint"",""coordinates"":[]}"
S1A_IW_GRDH_1SDV_20221215T004809_20221215T004834_046335_058CAF_6C3E,,0.3231588604081488,-18.718577154521924,-11.022168747630314,2022-12-15,"{""type"":""MultiPoint"",""coordinates"":[]}"
S1A_IW_GRDH_1SDV_20221220T005615_20221220T005640_046408_058F3B_C956,,0.3077369105444345,-18.601675365687953,-10.631725412599998,2022-12-20,"{""type"":""MultiPoint"",""coordinates"":[]}"
S1A_IW_GRDH_1SDV_20221227T004743_20221227T004808_046510_0592AA_5C48,,0.2949030818491606,-17.986530409327436,-10.736747103409915,2022-12-27,"{""type"":""MultiPoint"",""coordinates"":[]}"
S1A_IW_GRDH_1SDV_20221227T004808_20221227T004833_046510_0592AA_22F8,,0.2949030818491606,-18.558277620531836,-11.109732909399348,2022-12-27,"{""type"":""MultiPoint"",""coordinates"":[]}"
S1A_IW_GRDH_1SDV_20230101T005614_20230101T005639_046583_059524_FA0F,,0.2856501732257072,-18.27556692031686,-10.446134016588305,2023-01-01,"{""type"":""MultiPoint"",""coordinates"":[]}"
S1A_IW_GRDH_1SDV_20230108T004743_20230108T004808_046685_059889_F887,,0.275156397371389,-18.585141056817395,-10.722843561557843,2023-01-08,"{""type"":""MultiPoint"",""coordinates"":[]}"
S1A_IW_GRDH_1SDV_20230108T004808_20230108T004833_046685_059889_622C,,0.275156397371389,-19.11672844342599,-11.05126648964326,2023-01-08,"{""type"":""MultiPoint"",""coordinates"":[]}"
S1A_IW_GRDH_1SDV_20230125T005613_20230125T005638_046933_05A0F3_2003,,0.2542864645764746,-18.793303125115955,-10.393758459919125,2023-01-25,"{""type"":""MultiPoint"",""coordinates"":[]}"
S1A_IW_GRDH_1SDV_20230201T004742_20230201T004807_047035_05A44F_FC8D,,0.24750648155891702,-19.40215130394938,-11.666213230608909,2023-02-01,"{""type"":""MultiPoint"",""coordinates"":[]}"
S1A_IW_GRDH_1SDV_20230201T004807_20230201T004832_047035_05A44F_6CC8,,0.24750648155891702,-20.058899738638775,-12.043285109796566,2023-02-01,"{""type"":""MultiPoint"",""coordinates"":[]}"
S1A_IW_GRDH_1SDV_20230213T004741_20230213T004806_047210_05AA2B_8E34,,0.23753135884659884,-20.072844177786425,-12.0618219395897,2023-02-13,"{""type"":""MultiPoint"",""coordinates"":[]}"
S1A_IW_GRDH_1SDV_20230213T004806_20230213T004831_047210_05AA2B_6A6F,,0.23753135884659884,-21.04585156586979,-12.573301751560955,2023-02-13,"{""type"":""MultiPoint"",""coordinates"":[]}"
S1A_IW_GRDH_1SDV_20230218T005612_20230218T005637_047283_05ACB0_7F37,,0.23286507545727494,-19.634204985308774,-10.899854808339274,2023-02-18,"{""type"":""MultiPoint"",""coordinates"":[]}"
S1A_IW_GRDH_1SDV_20230225T004741_20230225T004806_047385_05B021_5ED7,,0.22708668348386837,-20.500109653900516,-12.296287350692475,2023-02-25,"{""type"":""MultiPoint"",""coordinates"":[]}"
S1A_IW_GRDH_1SDV_20230225T004806_20230225T004831_047385_05B021_E807,,0.22708668348386837,-21.522903544353245,-12.753624644671374,2023-02-25,"{""type"":""MultiPoint"",""coordinates"":[]}"
S1A_IW_GRDH_1SDV_20230314T005612_20230314T005637_047633_05B88A_0509,,0.21557025859826323,-20.196224510688705,-10.987997743401515,2023-03-14,"{""type"":""MultiPoint"",""coordinates"":[]}"
S1A_IW_GRDH_1SDV_20230407T005613_20230407T005638_047983_05C455_EBC9,,0.20318206276780756,-20.34953490645418,-10.557727019137207,2023-04-07,"{""type"":""MultiPoint"",""coordinates"":[]}"
S1A_IW_GRDH_1SDV_20230426T004742_20230426T004807_048260_05CDA2_027A,,0.19992407526786948,-22.784954734577802,-12.521841328512254,2023-04-26,"{""type"":""MultiPoint"",""coordinates"":[]}"
S1A_IW_GRDH_1SDV_20230426T004807_20230426T004832_048260_05CDA2_C502,,0.19992407526786948,-22.856463619489766,-12.344381088827191,2023-04-26,"{""type"":""MultiPoint"",""coordinates"":[]}"
S1A_IW_GRDH_1SDV_20230501T005614_20230501T005639_048333_05D01F_9F00,,0.19990821977952977,-21.24220791865246,-11.07721911089792,2023-05-01,"{""type"":""MultiPoint"",""coordinates"":[]}"
S1A_IW_GRDH_1SDV_20230513T005615_20230513T005640_048508_05D5C0_9A83,,0.23497699303631936,-18.722457937561618,-8.004566362852483,2023-05-13,"{""type"":""MultiPoint"",""coordinates"":[]}"
S1A_IW_GRDH_1SDV_20230520T004744_20230520T004809_048610_05D8B2_2B9A,,0.21797893933077775,-22.666786460671666,-12.149173767868076,2023-05-20,"{""type"":""MultiPoint"",""coordinates"":[]}"
S1A_IW_GRDH_1SDV_20230520T004809_20230520T004834_048610_05D8B2_E6CC,,0.21797893933077775,-22.859371635689428,-12.400892416420213,2023-05-20,"{""type"":""MultiPoint"",""coordinates"":[]}"
S1A_IW_GRDH_1SDV_20230601T004744_20230601T004809_048785_05DDF0_D56B,,0.2794361072089946,-19.988551733573686,-9.698106733541342,2023-06-01,"{""type"":""MultiPoint"",""coordinates"":[]}"
S1A_IW_GRDH_1SDV_20230601T004809_20230601T004834_048785_05DDF0_CF72,,0.2794361072089946,-21.263469006776067,-10.743033260740791,2023-06-01,"{""type"":""MultiPoint"",""coordinates"":[]}"
S1A_IW_GRDH_1SDV_20230606T005615_20230606T005640_048858_05E029_AB26,,0.2493264059859563,-21.52147514143424,-10.157230229695196,2023-06-06,"{""type"":""MultiPoint"",""coordinates"":[]}"
S1A_IW_GRDH_1SDV_20230613T004745_20230613T004810_048960_05E33B_EE5D,,0.24337963256037476,-24.250383429871434,-13.406019533143253,2023-06-13,"{""type"":""MultiPoint"",""coordinates"":[]}"
S1A_IW_GRDH_1SDV_20230613T004810_20230613T004835_048960_05E33B_33F9,,0.24337963256037476,-24.13496826382302,-13.556818551992619,2023-06-13,"{""type"":""MultiPoint"",""coordinates"":[]}"
S1A_IW_GRDH_1SDV_20230618T005616_20230618T005641_049033_05E580_A1C6,,0.2370687631281711,-21.750074051953664,-10.991251142483733,2023-06-18,"{""type"":""MultiPoint"",""coordinates"":[]}"
S1A_IW_GRDH_1SDV_20230625T004746_20230625T004811_049135_05E88F_0C32,,0.2543056449647233,-24.77479780632542,-13.69195302395831,2023-06-25,"{""type"":""MultiPoint"",""coordinates"":[]}"
S1A_IW_GRDH_1SDV_20230625T004811_20230625T004836_049135_05E88F_E35C,,0.2543056449647233,-24.36761215412112,-13.591909914072556,2023-06-25,"{""type"":""MultiPoint"",""coordinates"":[]}"
S1A_IW_GRDH_1SDV_20230630T005617_20230630T005642_049208_05EACB_6250,,0.2509913851464016,-21.494239470230124,-10.569147889058454,2023-06-30,"{""type"":""MultiPoint"",""coordinates"":[]}"
S1A_IW_GRDH_1SDV_20230707T004746_20230707T004811_049310_05EDEF_C6D1,,0.2947209623062553,-22.65121669639981,-11.925901593480559,2023-07-07,"{""type"":""MultiPoint"",""coordinates"":[]}"
S1A_IW_GRDH_1SDV_20230707T004811_20230707T004836_049310_05EDEF_3903,,0.2947209623062553,-23.035087633272035,-12.498541111959126,2023-07-07,"{""type"":""MultiPoint"",""coordinates"":[]}"
S1A_IW_GRDH_1SDV_20230719T004747_20230719T004812_049485_05F352_B737,,0.4207406601233542,-20.48713788617252,-10.741473302973922,2023-07-19,"{""type"":""MultiPoint"",""coordinates"":[]}"
S1A_IW_GRDH_1SDV_20230719T004812_20230719T004837_049485_05F352_69F9,,0.4207406601233542,-20.067297774973877,-10.11156582990662,2023-07-19,"{""type"":""MultiPoint"",""coordinates"":[]}"
S1A_IW_GRDH_1SDV_20230724T005619_20230724T005644_049558_05F58F_8375,,0.4507599257259152,-18.278658796473643,-6.574722959606041,2023-07-24,"{""type"":""MultiPoint"",""coordinates"":[]}"
S1A_IW_GRDH_1SDV_20230731T004748_20230731T004813_049660_05F8B9_D068,,0.45490123637807073,-22.236183253137924,-12.239988673903849,2023-07-31,"{""type"":""MultiPoint"",""coordinates"":[]}"
S1A_IW_GRDH_1SDV_20230731T004813_20230731T004838_049660_05F8B9_7925,,0.45490123637807073,-22.44828695064019,-12.144454592755507,2023-07-31,"{""type"":""MultiPoint"",""coordinates"":[]}"
S1A_IW_GRDH_1SDV_20230812T004748_20230812T004813_049835_05FE52_B510,,0.3956323577459686,-22.50867639685366,-12.607233490885676,2023-08-12,"{""type"":""MultiPoint"",""coordinates"":[]}"
S1A_IW_GRDH_1SDV_20230812T004813_20230812T004838_049835_05FE52_D0C7,,0.3956323577459686,-22.04925811513948,-12.286462329742836,2023-08-12,"{""type"":""MultiPoint"",""coordinates"":[]}"
S1A_IW_GRDH_1SDV_20230817T005620_20230817T005645_049908_0600D4_530F,,0.374032190637496,-22.41235561472169,-11.2231461384036,2023-08-17,"{""type"":""MultiPoint"",""coordinates"":[]}"
S1A_IW_GRDH_1SDV_20230824T004749_20230824T004814_050010_060448_1AD2,,0.3583013422785,-23.00659936505533,-13.653762904519969,2023-08-24,"{""type"":""MultiPoint"",""coordinates"":[]}"
S1A_IW_GRDH_1SDV_20230824T004814_20230824T004839_050010_060448_4CA2,,0.3583013422785,-22.628093685881552,-13.003739849865957,2023-08-24,"{""type"":""MultiPoint"",""coordinates"":[]}"
S1A_IW_GRDH_1SDV_20230829T005621_20230829T005646_050083_0606D4_EDA0,,0.3462066558205847,-22.243984503846164,-10.748962960588802,2023-08-29,"{""type"":""MultiPoint"",""coordinates"":[]}"
S1A_IW_GRDH_1SDV_20230905T004750_20230905T004815_050185_060A4D_2605,,0.3739495822626927,-18.53014616642174,-9.834354492159237,2023-09-05,"{""type"":""MultiPoint"",""coordinates"":[]}"
S1A_IW_GRDH_1SDV_20230905T004815_20230905T004840_050185_060A4D_7CCE,,0.3739495822626927,-19.834903768529237,-10.45676139131244,2023-09-05,"{""type"":""MultiPoint"",""coordinates"":[]}"
S1A_IW_GRDH_1SDV_20230917T004750_20230917T004815_050360_061037_5013,,0.3309333587053839,-21.489215873390897,-12.547989539907656,2023-09-17,"{""type"":""MultiPoint"",""coordinates"":[]}"
S1A_IW_GRDH_1SDV_20230917T004815_20230917T004840_050360_061037_6B9E,,0.3309333587053839,-21.810799167497898,-12.627801750824677,2023-09-17,"{""type"":""MultiPoint"",""coordinates"":[]}"
S1A_IW_GRDH_1SDV_20230922T005621_20230922T005646_050433_0612B8_5AE2,,0.31840230711625994,-21.698359634033526,-10.372759575370962,2023-09-22,"{""type"":""MultiPoint"",""coordinates"":[]}"
S1A_IW_GRDH_1SDV_20231011T004750_20231011T004815_050710_061C37_B830,,0.29026114221216487,-20.954270009187024,-12.146447160385975,2023-10-11,"{""type"":""MultiPoint"",""coordinates"":[]}"
S1A_IW_GRDH_1SDV_20231011T004815_20231011T004840_050710_061C37_C930,,0.29026114221216487,-22.230144013613128,-12.89625628416332,2023-10-11,"{""type"":""MultiPoint"",""coordinates"":[]}"
S1A_IW_GRDH_1SDV_20231016T005622_20231016T005647_050783_061EC5_5B37,,0.2804383045301758,-21.166048607561244,-10.570351796055526,2023-10-16,"{""type"":""MultiPoint"",""coordinates"":[]}"
S1A_IW_GRDH_1SDV_20231023T004751_20231023T004816_050885_06222A_1FB8,,0.2665492167536984,-21.453007313899178,-12.650301066059617,2023-10-23,"{""type"":""MultiPoint"",""coordinates"":[]}"
S1A_IW_GRDH_1SDV_20231023T004816_20231023T004841_050885_06222A_4177,,0.2665492167536984,-22.547196091889518,-13.185013109828038,2023-10-23,"{""type"":""MultiPoint"",""coordinates"":[]}"
S1A_IW_GRDH_1SDV_20231104T004750_20231104T004815_051060_06282B_8988,,0.2626173071118532,-21.27454030544797,-12.56705789930578,2023-11-04,"{""type"":""MultiPoint"",""coordinates"":[]}"
S1A_IW_GRDH_1SDV_20231104T004815_20231104T004840_051060_06282B_B6D2,,0.2626173071118532,-21.994283529692485,-12.763387545594293,2023-11-04,"{""type"":""MultiPoint"",""coordinates"":[]}"
S1A_IW_GRDH_1SDV_20231109T005621_20231109T005646_051133_062AB8_E4A5,,0.27106665427528465,-15.901958980620469,-6.088883765198037,2023-11-09,"{""type"":""MultiPoint"",""coordinates"":[]}"
S1A_IW_GRDH_1SDV_20231116T004750_20231116T004815_051235_062E38_8EA3,,0.25986665754555194,-20.234352580354454,-11.663915310189534,2023-11-16,"{""type"":""MultiPoint"",""coordinates"":[]}"
S1A_IW_GRDH_1SDV_20231116T004815_20231116T004840_051235_062E38_C582,,0.25986665754555194,-20.86483420865985,-12.19096859544947,2023-11-16,"{""type"":""MultiPoint"",""coordinates"":[]}"
S1A_IW_GRDH_1SDV_20231203T005621_20231203T005646_051483_0636C1_8E7A,,0.25303531087818876,-19.20150399327214,-9.96513084428664,2023-12-03,"{""type"":""MultiPoint"",""coordinates"":[]}"
S1A_IW_GRDH_1SDV_20231227T005619_20231227T005644_051833_0642EF_86EB,,0.23784723792031254,-20.313727846676112,-10.664284641681375,2023-12-27,"{""type"":""MultiPoint"",""coordinates"":[]}"
S1B_IW_GRDH_1SDV_20190216T004640_20190216T004705_014964_01BF28_6948,,0.2135853036664158,-24.04412480127667,-14.087188789681042,2019-02-16,"{""type"":""MultiPoint"",""coordinates"":[]}"
S1B_IW_GRDH_1SDV_20190324T004640_20190324T004705_015489_01D050_22AE,,0.19741572696859094,-24.242606813289893,-13.76235638050758,2019-03-24,"{""type"":""MultiPoint"",""coordinates"":[]}"
S1B_IW_GRDH_1SDV_20190511T004642_20190511T004707_016189_01E771_CCB3,,0.19909993122515005,-23.402224400327942,-12.374504452003647,2019-05-11,"{""type"":""MultiPoint"",""coordinates"":[]}"
S1B_IW_GRDH_1SDV_20190523T004642_20190523T004707_016364_01ECDB_3012,,0.20906760287929804,-24.043108372618192,-12.42593073280044,2019-05-23,"{""type"":""MultiPoint"",""coordinates"":[]}"
S1B_IW_GRDH_1SDV_20190604T004643_20190604T004708_016539_01F229_FB28,,0.2545558281924157,-23.428409159628128,-11.743896956879752,2019-06-04,"{""type"":""MultiPoint"",""coordinates"":[]}"
S1B_IW_GRDH_1SDV_20190616T004644_20190616T004709_016714_01F759_D43D,,0.24749449136869875,-25.539075301994398,-13.838723802289927,2019-06-16,"{""type"":""MultiPoint"",""coordinates"":[]}"
S1B_IW_GRDH_1SDV_20190628T004644_20190628T004709_016889_01FC82_4C79,,0.2521358474155834,-24.141192688847042,-12.797574561928633,2019-06-28,"{""type"":""MultiPoint"",""coordinates"":[]}"
S1B_IW_GRDH_1SDV_20190710T004645_20190710T004710_017064_0201B3_4F42,,0.2923946468506236,-22.58465002772419,-11.290396966205964,2019-07-10,"{""type"":""MultiPoint"",""coordinates"":[]}"
S1B_IW_GRDH_1SDV_20190722T004646_20190722T004711_017239_0206CA_9555,,0.29636580634383525,-23.449259318761317,-13.257651434499879,2019-07-22,"{""type"":""MultiPoint"",""coordinates"":[]}"
S1B_IW_GRDH_1SDV_20190803T004644_20190803T004709_017414_020C08_58A5,,0.3638346620567825,-20.3882087959541,-10.978507217557478,2019-08-03,"{""type"":""MultiPoint"",""coordinates"":[]}"
S1B_IW_GRDH_1SDV_20190803T004709_20190803T004734_017414_020C08_7172,,0.3638346620567825,-19.53781661022857,-10.60112463728392,2019-08-03,"{""type"":""MultiPoint"",""coordinates"":[]}"
S1B_IW_GRDH_1SDV_20190827T004658_20190827T004723_017764_0216DF_84BB,,0.4003442991519459,-20.918790496115214,-12.764044927269113,2019-08-27,"{""type"":""MultiPoint"",""coordinates"":[]}"
S1B_IW_GRDH_1SDV_20190908T004659_20190908T004724_017939_021C4B_DEB6,,0.4062689469776166,-17.49092684422832,-9.824454787716245,2019-09-08,"{""type"":""MultiPoint"",""coordinates"":[]}"
S1B_IW_GRDH_1SDV_20190920T004700_20190920T004725_018114_0221BF_DB7A,,0.40936029782823824,-17.17647202602585,-9.547625038657685,2019-09-20,"{""type"":""MultiPoint"",""coordinates"":[]}"
S1B_IW_GRDH_1SDV_20191002T004644_20191002T004709_018289_022729_9211,,0.39003302152981945,-17.763734847056124,-9.818909489503596,2019-10-02,"{""type"":""MultiPoint"",""coordinates"":[]}"
S1B_IW_GRDH_1SDV_20191002T004709_20191002T004734_018289_022729_CD0A,,0.39003302152981945,-18.673256287255118,-10.646784594226668,2019-10-02,"{""type"":""MultiPoint"",""coordinates"":[]}"
S1B_IW_GRDH_1SDV_20191007T005515_20191007T005540_018362_02297B_000B,13.085947113265838,0.4128116317897362,-16.487291387737923,-6.878624773327197,2019-10-07,"{""type"":""MultiPoint"",""coordinates"":[]}"
S1B_IW_GRDH_1SDV_20191014T004645_20191014T004710_018464_022C9C_0856,,0.4199640030056126,-16.9079651559263,-9.526408815985963,2019-10-14,"{""type"":""MultiPoint"",""coordinates"":[]}"
S1B_IW_GRDH_1SDV_20191014T004710_20191014T004735_018464_022C9C_8594,,0.4199640030056126,-17.503935624088605,-9.77276130655465,2019-10-14,"{""type"":""MultiPoint"",""coordinates"":[]}"
S1B_IW_GRDH_1SDV_20191019T005515_20191019T005540_018537_022EDB_94E0,,0.41561703592915655,-17.12372788768413,-7.09520728432617,2019-10-19,"{""type"":""MultiPoint"",""coordinates"":[]}"
S1B_IW_GRDH_1SDV_20191026T004645_20191026T004710_018639_0231F8_8ED3,,0.45997274722887554,-17.594794379024147,-10.182186357210243,2019-10-26,"{""type"":""MultiPoint"",""coordinates"":[]}"
S1B_IW_GRDH_1SDV_20191026T004710_20191026T004735_018639_0231F8_8D66,,0.45997274722887554,-18.1303236270322,-10.484374137598088,2019-10-26,"{""type"":""MultiPoint"",""coordinates"":[]}"
S1B_IW_GRDH_1SDV_20191031T005515_20191031T005540_018712_023451_6379,11.115925077126558,0.44141526463732106,-20.517272466197177,-10.151217314690152,2019-10-31,"{""type"":""MultiPoint"",""coordinates"":[]}"
S1B_IW_GRDH_1SDV_20191107T004644_20191107T004709_018814_023795_4196,,0.42330162338879634,-16.267892763042944,-8.799303773045468,2019-11-07,"{""type"":""MultiPoint"",""coordinates"":[]}"
S1B_IW_GRDH_1SDV_20191107T004709_20191107T004734_018814_023795_244D,,0.42330162338879634,-16.654087942969092,-8.930582353918734,2019-11-07,"{""type"":""MultiPoint"",""coordinates"":[]}"
S1B_IW_GRDH_1SDV_20191112T005515_20191112T005540_018887_0239F8_DD22,,0.4121473589931227,-19.694087489466707,-9.759867160837294,2019-11-12,"{""type"":""MultiPoint"",""coordinates"":[]}"
S1B_IW_GRDH_1SDV_20191119T004644_20191119T004709_018989_023D40_D438,,0.3822001613122301,-18.46581771997635,-10.435370353786825,2019-11-19,"{""type"":""MultiPoint"",""coordinates"":[]}"
S1B_IW_GRDH_1SDV_20191119T004709_20191119T004734_018989_023D40_B214,,0.3822001613122301,-18.926258429745847,-10.72725089017478,2019-11-19,"{""type"":""MultiPoint"",""coordinates"":[]}"
S1B_IW_GRDH_1SDV_20191124T005515_20191124T005540_019062_023F97_6A9A,8.435409431467642,0.3626885439973831,-19.61209059802967,-10.024726292829364,2019-11-24,"{""type"":""MultiPoint"",""coordinates"":[]}"
S1B_IW_GRDH_1SDV_20191201T004644_20191201T004709_019164_0242CE_DBE1,,0.34321810982045775,-18.586202319707592,-10.542375285952295,2019-12-01,"{""type"":""MultiPoint"",""coordinates"":[]}"
S1B_IW_GRDH_1SDV_20191201T004709_20191201T004734_019164_0242CE_6EBF,,0.34321810982045775,-18.83201839188476,-10.778002387286842,2019-12-01,"{""type"":""MultiPoint"",""coordinates"":[]}"
S1B_IW_GRDH_1SDV_20191206T005515_20191206T005540_019237_024524_425B,,0.339477045611051,-19.538024758713398,-10.084319765203924,2019-12-06,"{""type"":""MultiPoint"",""coordinates"":[]}"
S1B_IW_GRDH_1SDV_20191213T004644_20191213T004709_019339_024863_CB29,,0.3197593666619675,-19.336730836233713,-11.292556944961444,2019-12-13,"{""type"":""MultiPoint"",""coordinates"":[]}"
S1B_IW_GRDH_1SDV_20191213T004709_20191213T004734_019339_024863_46DE,,0.3197593666619675,-19.454538638962653,-11.544672965899315,2019-12-13,"{""type"":""MultiPoint"",""coordinates"":[]}"
S1B_IW_GRDH_1SDV_20191218T005514_20191218T005539_019412_024ABB_36C3,9.077605993829923,0.308287573172674,-19.29930402585937,-10.3264409278267,2019-12-18,"{""type"":""MultiPoint"",""coordinates"":[]}"
S1B_IW_GRDH_1SDV_20191225T004643_20191225T004708_019514_024DF5_3A13,,0.2948410839096514,-18.777248555578947,-10.940395434515732,2019-12-25,"{""type"":""MultiPoint"",""coordinates"":[]}"
S1B_IW_GRDH_1SDV_20191225T004708_20191225T004733_019514_024DF5_5ACD,,0.2948410839096514,-18.800051776563436,-11.23349680876188,2019-12-25,"{""type"":""MultiPoint"",""coordinates"":[]}"
S1B_IW_GRDH_1SDV_20191230T005514_20191230T005539_019587_025049_D78E,,0.2875389427656429,-18.82584736663685,-10.05663453054348,2019-12-30,"{""type"":""MultiPoint"",""coordinates"":[]}"
S1B_IW_GRDH_1SDV_20200106T004642_20200106T004707_019689_025382_B101,,0.2759778381831084,-18.073232314093968,-10.699149086687168,2020-01-06,"{""type"":""MultiPoint"",""coordinates"":[]}"
S1B_IW_GRDH_1SDV_20200106T004707_20200106T004732_019689_025382_CB17,,0.2759778381831084,-18.244800083686496,-11.017159785225322,2020-01-06,"{""type"":""MultiPoint"",""coordinates"":[]}"
S1B_IW_GRDH_1SDV_20200111T005513_20200111T005538_019762_0255DC_CC4B,,0.2705840428667327,-18.670106978612516,-10.038962439340764,2020-01-11,"{""type"":""MultiPoint"",""coordinates"":[]}"
S1B_IW_GRDH_1SDV_20200118T004642_20200118T004707_019864_025916_FEE0,,0.2621989821211727,-18.451022504126122,-11.022051732553651,2020-01-18,"{""type"":""MultiPoint"",""coordinates"":[]}"
S1B_IW_GRDH_1SDV_20200118T004707_20200118T004732_019864_025916_C7CF,,0.2621989821211727,-18.76206323460977,-11.353868924402509,2020-01-18,"{""type"":""MultiPoint"",""coordinates"":[]}"
S1B_IW_GRDH_1SDV_20200123T005513_20200123T005538_019937_025B6D_5CFB,,0.25588853186682664,-19.138036010057093,-10.34716334492136,2020-01-23,"{""type"":""MultiPoint"",""coordinates"":[]}"
