system:index,LAI,NDVI,SoilMoisture,VH,VV,VV_VH_diff,date,.geo
0,,,,-18.47716888041359,-10.653142823990853,7.824026056422238,2015-02-24,"{""type"":""MultiPoint"",""coordinates"":[]}"
1,,,,-20.23521270900588,-12.451213005248134,7.783999703757924,2015-03-03,"{""type"":""MultiPoint"",""coordinates"":[]}"
2,,,2.1386889640546776,-22.902892784858526,-13.7404566096825,9.162436175176213,2016-02-26,"{""type"":""MultiPoint"",""coordinates"":[]}"
3,,,,-20.357768462760532,-11.164229795141626,9.193538667618947,2016-03-02,"{""type"":""MultiPoint"",""coordinates"":[]}"
4,,,22.378189083520205,-19.13271671898871,-11.228317125177334,7.904399593811877,2016-09-29,"{""type"":""MultiPoint"",""coordinates"":[]}"
5,,,,-18.290749650140818,-9.484476155410942,8.806273494730245,2016-10-04,"{""type"":""MultiPoint"",""coordinates"":[]}"
6,,,20.292231059498636,-19.908811278968003,-11.937235060203129,7.9715762187650485,2016-10-11,"{""type"":""MultiPoint"",""coordinates"":[]}"
7,,,,-18.799909392660226,-9.562965656606305,9.236943736053787,2016-10-16,"{""type"":""MultiPoint"",""coordinates"":[]}"
8,,,10.306879114171364,-20.898933265886505,-12.68093657520957,8.217996690677321,2016-10-23,"{""type"":""MultiPoint"",""coordinates"":[]}"
9,,,,-18.529609788780856,-10.22294434376268,8.306665445018364,2016-10-28,"{""type"":""MultiPoint"",""coordinates"":[]}"
10,,,7.365985426105215,-21.07907586778347,-12.678061715900213,8.40101415188348,2016-11-04,"{""type"":""MultiPoint"",""coordinates"":[]}"
11,,,10.464248406081012,-20.993168435408524,-12.610640037939229,8.382528397469347,2016-11-16,"{""type"":""MultiPoint"",""coordinates"":[]}"
12,,,,-19.209672677030554,-10.452849482157859,8.756823194872485,2016-11-21,"{""type"":""MultiPoint"",""coordinates"":[]}"
13,,,5.191673946974541,-21.84431451130019,-13.371997607803857,8.472316903496191,2016-11-28,"{""type"":""MultiPoint"",""coordinates"":[]}"
14,,,,-18.420848576234572,-10.028486512230574,8.392362064004422,2016-12-03,"{""type"":""MultiPoint"",""coordinates"":[]}"
15,,,4.067176250885391,-22.079606957124167,-13.601566629514405,8.478040327609285,2016-12-10,"{""type"":""MultiPoint"",""coordinates"":[]}"
16,,,,-17.97188259654933,-9.443940771822982,8.52794182472647,2016-12-15,"{""type"":""MultiPoint"",""coordinates"":[]}"
17,,,3.557299547517851,-22.274574568575968,-13.832621558169452,8.441953010406943,2016-12-22,"{""type"":""MultiPoint"",""coordinates"":[]}"
18,,,,-19.578344722185197,-11.376610743206454,8.201733978978586,2016-12-27,"{""type"":""MultiPoint"",""coordinates"":[]}"
19,,,2.8928838294596013,-22.283615889139686,-13.702100524195986,8.581515364943687,2017-01-03,"{""type"":""MultiPoint"",""coordinates"":[]}"
20,0.44754012099661783,,,-19.69617156367374,-11.238930148341254,8.457241415332982,2017-01-08,"{""type"":""MultiPoint"",""coordinates"":[]}"
21,,,2.5410636434351423,-22.390453909161774,-13.627883890024885,8.76257001913717,2017-01-15,"{""type"":""MultiPoint"",""coordinates"":[]}"
22,0.3826273054191229,,,-19.90930029959715,-11.391854169230559,8.517446130367096,2017-01-20,"{""type"":""MultiPoint"",""coordinates"":[]}"
23,,,2.3335238833444403,-22.399612825899926,-13.69413129309727,8.705481532802784,2017-01-27,"{""type"":""MultiPoint"",""coordinates"":[]}"
24,0.3957676894199495,0.30982431146693545,,-20.054310750668918,-11.303719070622904,8.750591680045757,2017-02-01,"{""type"":""MultiPoint"",""coordinates"":[]}"
25,,,2.1492030201857624,-22.601472369000962,-13.654806338270213,8.946666030730476,2017-02-08,"{""type"":""MultiPoint"",""coordinates"":[]}"
26,0.3388547328511982,,,-20.324373894512384,-11.50990523575047,8.8144686587618,2017-02-13,"{""type"":""MultiPoint"",""coordinates"":[]}"
27,,,2.1690491276279467,-22.954501467482178,-13.987117887139558,8.967383580342679,2017-02-20,"{""type"":""MultiPoint"",""coordinates"":[]}"
28,,,2.1604790752468586,-23.03020781347354,-13.789670401296888,9.240537412176609,2017-03-04,"{""type"":""MultiPoint"",""coordinates"":[]}"
29,0.3047309224701734,,,-20.492347675335683,-11.427632456908018,9.064715218427507,2017-03-09,"{""type"":""MultiPoint"",""coordinates"":[]}"
30,0.3688600414770765,0.2798577254887774,,-20.19790216460903,-10.941234121455945,9.256668043153267,2017-03-21,"{""type"":""MultiPoint"",""coordinates"":[]}"
31,,,2.253375317193435,-22.843646083003094,-13.321227540396157,9.522418542607253,2017-03-28,"{""type"":""MultiPoint"",""coordinates"":[]}"
32,0.28704915714082846,,,-18.958951123925935,-9.34771243296675,9.611238690959222,2017-04-02,"{""type"":""MultiPoint"",""coordinates"":[]}"
33,,,2.3236867346797547,-21.6067988525146,-12.03436610112225,9.572432751393029,2017-04-09,"{""type"":""MultiPoint"",""coordinates"":[]}"
34,0.31584477871846006,,,-20.303487754352446,-10.7482848988914,9.555202855461026,2017-04-14,"{""type"":""MultiPoint"",""coordinates"":[]}"
35,,,2.2385694263668667,-22.915081853367905,-13.115980987472488,9.799100865895713,2017-04-21,"{""type"":""MultiPoint"",""coordinates"":[]}"
36,0.2876174923814701,,,-20.795117658686554,-11.195546647495501,9.59957101119123,2017-04-26,"{""type"":""MultiPoint"",""coordinates"":[]}"
37,,,2.450888173860163,-21.68830668054633,-12.190125072889117,9.498181607657363,2017-05-03,"{""type"":""MultiPoint"",""coordinates"":[]}"
38,0.3283000273697249,0.28167124604230137,,-20.58812113501073,-9.395625581285925,11.192495553724724,2017-05-08,"{""type"":""MultiPoint"",""coordinates"":[]}"
39,,,10.637510847790809,-20.810679791956932,-11.334944213431518,9.47573557852511,2017-05-15,"{""type"":""MultiPoint"",""coordinates"":[]}"
40,0.2420040889277497,,,-20.227097398904206,-8.892022939783113,11.335074459121541,2017-05-20,"{""type"":""MultiPoint"",""coordinates"":[]}"
41,,,2.605275034395401,-22.591830738507152,-12.497932753883067,10.093897984624165,2017-05-27,"{""type"":""MultiPoint"",""coordinates"":[]}"
42,0.2513194415105159,,,-20.06747115500145,-9.641411866656291,10.426059288344952,2017-06-01,"{""type"":""MultiPoint"",""coordinates"":[]}"
43,,,6.357112513742413,-22.64026701895797,-12.706505133040249,9.933761885917761,2017-06-08,"{""type"":""MultiPoint"",""coordinates"":[]}"
44,0.15266836518203158,,,-19.127769646928883,-8.847448709524166,10.28032093740482,2017-06-13,"{""type"":""MultiPoint"",""coordinates"":[]}"
45,0.19111236836353465,0.1363328912105646,,-22.815795012015123,-11.26143554036535,11.554359471649903,2017-06-25,"{""type"":""MultiPoint"",""coordinates"":[]}"
46,,,5.908048921123519,-24.943027737567192,-15.028093857296401,9.914933880270741,2017-07-02,"{""type"":""MultiPoint"",""coordinates"":[]}"
47,,,6.386350266364969,-25.08375540354873,-15.636904533579424,9.446850869968639,2017-07-14,"{""type"":""MultiPoint"",""coordinates"":[]}"
48,0.24109960194490884,,,-19.254177475509714,-7.226442717634811,12.027734757874796,2017-07-19,"{""type"":""MultiPoint"",""coordinates"":[]}"
49,,,7.864461632216104,-24.577429526442913,-15.047103092187966,9.530326434254741,2017-07-26,"{""type"":""MultiPoint"",""coordinates"":[]}"
50,0.23598127836854865,,,-23.26117001613307,-12.066477546906048,11.194692469226794,2017-07-31,"{""type"":""MultiPoint"",""coordinates"":[]}"
51,,,12.167459493005826,-25.52743129603763,-16.15746489601693,9.36996640002044,2017-08-07,"{""type"":""MultiPoint"",""coordinates"":[]}"
52,0.1610712402897244,0.2307648170834517,,-22.835053962455657,-12.151700710964304,10.683353251491189,2017-08-12,"{""type"":""MultiPoint"",""coordinates"":[]}"
53,,,19.00388389261592,-24.220018320263282,-14.142045478551143,10.077972841712052,2017-08-19,"{""type"":""MultiPoint"",""coordinates"":[]}"
54,0.15090944659872121,,,-22.178957126283603,-11.376163466908618,10.802793659374757,2017-08-24,"{""type"":""MultiPoint"",""coordinates"":[]}"
55,,,17.820773848944288,-25.141136166772654,-15.78518593095763,9.355950235815051,2017-08-31,"{""type"":""MultiPoint"",""coordinates"":[]}"
56,0.2652359399482402,,,-21.932326652613853,-11.800388109821242,10.13193854279284,2017-09-05,"{""type"":""MultiPoint"",""coordinates"":[]}"
57,,,23.57953679637977,-24.1185626910798,-13.98420984152941,10.13435284955038,2017-09-12,"{""type"":""MultiPoint"",""coordinates"":[]}"
58,0.26990303032530033,,,-20.65648423985646,-10.53986646177466,10.116617778081686,2017-09-17,"{""type"":""MultiPoint"",""coordinates"":[]}"
59,0.5039303118863583,0.3829741520623887,,-19.137886189288427,-8.933902197074127,10.20398399221425,2017-09-29,"{""type"":""MultiPoint"",""coordinates"":[]}"
60,,,25.22182811316222,-23.757408363692896,-14.309200246424222,9.448208117268608,2017-10-06,"{""type"":""MultiPoint"",""coordinates"":[]}"
61,0.6006850699030268,,,-19.971209279866226,-11.000009633349302,8.971199646516961,2017-10-23,"{""type"":""MultiPoint"",""coordinates"":[]}"
62,0.5784435734777059,,,-19.24127627110243,-10.790868988957735,8.450407282144019,2017-11-04,"{""type"":""MultiPoint"",""coordinates"":[]}"
63,,,10.635669491893456,-21.115937881291842,-12.409390386990893,8.706547494300855,2017-11-11,"{""type"":""MultiPoint"",""coordinates"":[]}"
64,0.8737968292566477,,,-18.576386953311967,-9.981903466266287,8.594483487045574,2017-11-28,"{""type"":""MultiPoint"",""coordinates"":[]}"
65,1.2814973380798984,,,-18.190144219770023,-10.144448711520624,8.04569550824948,2017-12-10,"{""type"":""MultiPoint"",""coordinates"":[]}"
66,,,4.478375003346346,-18.93222970797323,-11.564574876158606,7.3676548318145585,2017-12-17,"{""type"":""MultiPoint"",""coordinates"":[]}"
67,,,,-18.617726126991553,-10.378835077127654,8.238891049863925,2018-01-03,"{""type"":""MultiPoint"",""coordinates"":[]}"
68,,,,-19.053355085696126,-10.78676274024895,8.266592345447132,2018-01-15,"{""type"":""MultiPoint"",""coordinates"":[]}"
69,,,2.262735473897534,-20.745972306782193,-12.806159259115086,7.939813047667139,2018-01-22,"{""type"":""MultiPoint"",""coordinates"":[]}"
70,,,,-19.455057545253993,-10.944403867542679,8.510653677711685,2018-01-27,"{""type"":""MultiPoint"",""coordinates"":[]}"
71,,,2.2570566780202332,-21.268009889043043,-13.029870928846522,8.238138960197137,2018-02-03,"{""type"":""MultiPoint"",""coordinates"":[]}"
72,,,,-19.45960315469577,-10.745983230480368,8.713619924215422,2018-02-08,"{""type"":""MultiPoint"",""coordinates"":[]}"
73,,,2.1731060865510825,-22.368860331535974,-13.515132784824816,8.85372754671087,2018-02-27,"{""type"":""MultiPoint"",""coordinates"":[]}"
74,,,,-20.43271531767041,-11.0141454823291,9.41856983534061,2018-03-04,"{""type"":""MultiPoint"",""coordinates"":[]}"
75,,,2.1635242095197222,-22.714908161480462,-13.545061718436648,9.169846443044102,2018-03-11,"{""type"":""MultiPoint"",""coordinates"":[]}"
76,,,2.2331668310742363,-23.782001293644043,-13.767673769256826,10.014327524386955,2018-03-23,"{""type"":""MultiPoint"",""coordinates"":[]}"
77,,,3.070583133213885,-23.3654237038527,-13.406694061807881,9.958729642044656,2018-04-04,"{""type"":""MultiPoint"",""coordinates"":[]}"
78,,,,-18.89036884674015,-7.821658895540199,11.06870995120019,2018-04-09,"{""type"":""MultiPoint"",""coordinates"":[]}"
79,,,3.4947517153207097,-19.705648546232613,-10.62942795940883,9.076220586823798,2018-04-16,"{""type"":""MultiPoint"",""coordinates"":[]}"
80,,,2.185866382792327,-22.884978189660107,-12.705135928920692,10.179842260739505,2018-04-28,"{""type"":""MultiPoint"",""coordinates"":[]}"
81,,,,-21.375737307669915,-10.330714627559653,11.04502268011059,2018-05-03,"{""type"":""MultiPoint"",""coordinates"":[]}"
82,,,4.132186608212698,-21.45094293362745,-11.300979607597759,10.150201296807353,2018-05-10,"{""type"":""MultiPoint"",""coordinates"":[]}"
83,,,6.480423860617804,-23.89116643599078,-12.969252747165475,10.92191368882559,2018-05-22,"{""type"":""MultiPoint"",""coordinates"":[]}"
84,,,,-21.69530378017462,-9.696258635075719,11.99904514509908,2018-05-27,"{""type"":""MultiPoint"",""coordinates"":[]}"
85,,,13.256286512490268,-23.869205147537446,-13.9722306315315,9.8969745160057,2018-06-03,"{""type"":""MultiPoint"",""coordinates"":[]}"
86,,,,-21.664106520473972,-10.322199999073435,11.341906521399968,2018-06-08,"{""type"":""MultiPoint"",""coordinates"":[]}"
87,,,11.337653244602299,-23.744232042088324,-13.68602489062562,10.058207151463087,2018-06-15,"{""type"":""MultiPoint"",""coordinates"":[]}"
88,,,,-21.773598945216005,-10.954507121197565,10.819091824018422,2018-06-20,"{""type"":""MultiPoint"",""coordinates"":[]}"
89,,,15.02063410918484,-22.713618281066143,-13.224007032857973,9.489611248207947,2018-06-27,"{""type"":""MultiPoint"",""coordinates"":[]}"
90,,,,-19.829048779153094,-8.488893401770463,11.340155377382766,2018-07-02,"{""type"":""MultiPoint"",""coordinates"":[]}"
91,,,21.82662462933632,-19.457806605641935,-10.662758128291207,8.795048477351102,2018-07-09,"{""type"":""MultiPoint"",""coordinates"":[]}"
92,,,,-17.364402752003173,-6.851633269239354,10.512769482763575,2018-07-14,"{""type"":""MultiPoint"",""coordinates"":[]}"
93,,,21.272419072215673,-19.91111671746055,-11.834814950217792,8.076301767243013,2018-07-21,"{""type"":""MultiPoint"",""coordinates"":[]}"
94,,,,-17.401845032157212,-8.247415236272824,9.154429795884063,2018-07-26,"{""type"":""MultiPoint"",""coordinates"":[]}"
95,,,14.844797775838723,-19.778619938020977,-12.132622409820101,7.645997528200983,2018-08-02,"{""type"":""MultiPoint"",""coordinates"":[]}"
96,,,,-16.80127260637594,-8.646282061696805,8.154990544679238,2018-08-07,"{""type"":""MultiPoint"",""coordinates"":[]}"
97,,,22.854611627571945,-18.586412878448275,-11.251315341341995,7.3350975371061775,2018-08-14,"{""type"":""MultiPoint"",""coordinates"":[]}"
98,,,19.699293065665028,-20.680528633058767,-13.198738920395925,7.481789712662943,2018-08-26,"{""type"":""MultiPoint"",""coordinates"":[]}"
99,,,13.773358935223778,-21.213919730680775,-13.171214294966438,8.042705435714353,2018-09-07,"{""type"":""MultiPoint"",""coordinates"":[]}"
100,,,13.835854929452267,-21.014647991855927,-12.4306864150371,8.583961576819357,2018-09-19,"{""type"":""MultiPoint"",""coordinates"":[]}"
101,,,15.566436915550367,-19.524023463467625,-10.678638619651023,8.845384843816282,2018-10-01,"{""type"":""MultiPoint"",""coordinates"":[]}"
102,,,9.36932189659716,-21.20159851817802,-12.247518105650515,8.954080412527553,2018-10-13,"{""type"":""MultiPoint"",""coordinates"":[]}"
103,,,11.14519837437151,-22.164464747887635,-12.857597173810152,9.306867574077382,2018-10-25,"{""type"":""MultiPoint"",""coordinates"":[]}"
104,,,5.193587892674891,-22.090003681997725,-13.033939876167274,9.056063805830407,2018-11-30,"{""type"":""MultiPoint"",""coordinates"":[]}"
105,,,3.593142916723502,-21.4503781927109,-13.055177079493333,8.395201113217507,2018-12-24,"{""type"":""MultiPoint"",""coordinates"":[]}"
106,,,2.6424728033805662,-22.227917461802456,-13.643587307514991,8.584330154287683,2019-01-05,"{""type"":""MultiPoint"",""coordinates"":[]}"
107,,,2.3533660173416138,-22.42038198425122,-13.68315627491257,8.737225709338542,2019-01-17,"{""type"":""MultiPoint"",""coordinates"":[]}"
108,,,2.381187555968125,-22.36075531907444,-13.373160121100472,8.987595197973834,2019-01-29,"{""type"":""MultiPoint"",""coordinates"":[]}"
109,,,2.1880021781683814,-23.977018994771278,-12.902950536998084,11.074068457772844,2019-05-05,"{""type"":""MultiPoint"",""coordinates"":[]}"
110,,,3.25332251765974,-24.007619242651415,-12.236635399293228,11.770983843358366,2019-06-10,"{""type"":""MultiPoint"",""coordinates"":[]}"
111,,,9.967402377756464,-23.83783424399851,-12.632036782545212,11.205797461453274,2019-07-04,"{""type"":""MultiPoint"",""coordinates"":[]}"
112,,,18.738243819131547,-24.58929634095953,-14.032595334020316,10.556701006939164,2019-07-16,"{""type"":""MultiPoint"",""coordinates"":[]}"
113,,,20.588791319144576,-22.84491748780507,-13.351139357954105,9.49377812985113,2019-07-28,"{""type"":""MultiPoint"",""coordinates"":[]}"
114,,,24.492683760890756,-20.454551005142765,-12.203188230135929,8.251362775007019,2019-08-21,"{""type"":""MultiPoint"",""coordinates"":[]}"
115,,,8.013367436364875,-18.879969910076944,-11.017250660862025,7.862719249214838,2019-12-19,"{""type"":""MultiPoint"",""coordinates"":[]}"
116,1.0504246268903359,,4.381918999648179,-18.525645500369013,-11.111516101433354,7.414129398935566,2020-01-12,"{""type"":""MultiPoint"",""coordinates"":[]}"
117,0.9273746597658572,,3.0692857410559875,-18.852092584814606,-11.325777974927162,7.526314609887416,2020-01-24,"{""type"":""MultiPoint"",""coordinates"":[]}"
118,0.5423878162443951,,2.1834331084824967,-20.479459482502865,-12.293412124267265,8.186047358235648,2020-03-12,"{""type"":""MultiPoint"",""coordinates"":[]}"
119,0.45060075643326686,,2.6885611921867016,-21.006893827080024,-12.482607931546228,8.524285895533687,2020-03-24,"{""type"":""MultiPoint"",""coordinates"":[]}"
120,,,,-20.640639021900057,-9.923380012320495,10.717259009579077,2020-03-29,"{""type"":""MultiPoint"",""coordinates"":[]}"
121,0.46959461569405864,0.3370874742112817,2.503818197521875,-21.06245873484383,-12.165375158391754,8.897083576451813,2020-04-05,"{""type"":""MultiPoint"",""coordinates"":[]}"
122,,,,-21.137355282237234,-10.653352625661187,10.484002656576173,2020-04-10,"{""type"":""MultiPoint"",""coordinates"":[]}"
123,0.33634525906643953,,4.248560955940192,-21.780159107332768,-12.186649706318951,9.593509401013838,2020-04-17,"{""type"":""MultiPoint"",""coordinates"":[]}"
124,,,,-20.680585229596193,-9.468799973326014,11.211785256269835,2020-04-22,"{""type"":""MultiPoint"",""coordinates"":[]}"
125,0.38329114598352815,,2.50109488599241,-21.914046828532378,-11.987472444508711,9.926574384023668,2020-04-29,"{""type"":""MultiPoint"",""coordinates"":[]}"
126,,,,-21.266527039027913,-10.295653519173522,10.970873519855028,2020-05-04,"{""type"":""MultiPoint"",""coordinates"":[]}"
127,0.3244419972924093,,2.842380423223421,-21.866718866800515,-11.365137395370402,10.501581471430175,2020-05-11,"{""type"":""MultiPoint"",""coordinates"":[]}"
128,,,,-21.30381333167222,-9.35778907362692,11.946024258045439,2020-05-16,"{""type"":""MultiPoint"",""coordinates"":[]}"
129,0.33259220752501567,0.29020767527074814,2.5013857250536042,-22.60268918730697,-12.043728048774637,10.558961138532284,2020-05-23,"{""type"":""MultiPoint"",""coordinates"":[]}"
130,,,,-21.88068730407879,-10.922032511402346,10.958654792676834,2020-05-28,"{""type"":""MultiPoint"",""coordinates"":[]}"
131,0.2253775277968135,,3.817574137725015,-20.76611992952796,-10.405535491119362,10.360584438408653,2020-06-04,"{""type"":""MultiPoint"",""coordinates"":[]}"
132,,,,-21.088099752759742,-10.143749030160958,10.94435072259884,2020-06-09,"{""type"":""MultiPoint"",""coordinates"":[]}"
133,0.22340598864432154,,9.792447754496783,-23.115178744993436,-12.741302428395253,10.373876316598363,2020-06-16,"{""type"":""MultiPoint"",""coordinates"":[]}"
134,,,,-22.24205216990481,-10.746646642270644,11.495405527633569,2020-06-21,"{""type"":""MultiPoint"",""coordinates"":[]}"
135,0.23785050248256903,,9.803372331361329,-24.234411443615596,-13.35688166305155,10.877529780564023,2020-06-28,"{""type"":""MultiPoint"",""coordinates"":[]}"
136,,,,-21.24085307447566,-9.731821059471933,11.509032015003939,2020-07-03,"{""type"":""MultiPoint"",""coordinates"":[]}"
137,0.29135162390682356,0.29062778226851277,20.07788331347428,-19.993920378147415,-10.096363645038322,9.897556733108877,2020-07-10,"{""type"":""MultiPoint"",""coordinates"":[]}"
138,,,,-19.3722881740006,-9.004272889239664,10.368015284760663,2020-07-15,"{""type"":""MultiPoint"",""coordinates"":[]}"
139,0.314149600383545,,21.391121706843805,-21.829247415619495,-12.331912286976562,9.497335128643254,2020-07-22,"{""type"":""MultiPoint"",""coordinates"":[]}"
140,,,,-17.537538718788877,-8.31295940634417,9.22457931244473,2020-07-27,"{""type"":""MultiPoint"",""coordinates"":[]}"
141,0.3380512750804974,,24.97931648132216,-19.69369867716465,-11.086583197138351,8.607115480026224,2020-08-03,"{""type"":""MultiPoint"",""coordinates"":[]}"
142,,,,-15.12646586602925,-7.171252103447624,7.955213762581442,2020-08-08,"{""type"":""MultiPoint"",""coordinates"":[]}"
143,,,,-15.632485575485662,-7.868324273091038,7.764161302394599,2020-08-20,"{""type"":""MultiPoint"",""coordinates"":[]}"
144,0.4704443399207684,0.4853001911163843,20.077061955190636,-19.14347388475716,-11.517682394726112,7.6257914900310615,2020-08-27,"{""type"":""MultiPoint"",""coordinates"":[]}"
145,,,,-17.296440854806868,-9.23862265174041,8.05781820306651,2020-09-01,"{""type"":""MultiPoint"",""coordinates"":[]}"
146,0.6293752537210882,,24.090464615058217,-17.6914573467979,-10.248839107018497,7.442618239779408,2020-09-08,"{""type"":""MultiPoint"",""coordinates"":[]}"
147,,,,-14.304148191065268,-6.428688621405914,7.875459569659312,2020-09-13,"{""type"":""MultiPoint"",""coordinates"":[]}"
148,0.33287132368473094,,24.856814723846327,-16.67916513271845,-9.393547357229114,7.285617775489376,2020-09-20,"{""type"":""MultiPoint"",""coordinates"":[]}"
149,,,,-17.22267355669303,-8.397141564054268,8.825531992638862,2020-09-25,"{""type"":""MultiPoint"",""coordinates"":[]}"
150,1.1901862978671744,,23.95579205034467,-17.759560968533357,-9.957751998907376,7.801808969625792,2020-10-02,"{""type"":""MultiPoint"",""coordinates"":[]}"
151,,,,-16.933049436643515,-7.9980019675883955,8.935047469054894,2020-10-07,"{""type"":""MultiPoint"",""coordinates"":[]}"
152,0.9440122465921457,0.5740884153925586,23.874809061505193,-16.466663195342,-9.016254399987584,7.450408795354365,2020-10-14,"{""type"":""MultiPoint"",""coordinates"":[]}"
153,,,,-17.923380754913346,-8.731227680644746,9.192153074268278,2020-10-19,"{""type"":""MultiPoint"",""coordinates"":[]}"
154,0.9517218277447297,,20.73394181872602,-18.09376017746469,-9.925538121516105,8.16822205594831,2020-10-26,"{""type"":""MultiPoint"",""coordinates"":[]}"
155,,,,-18.23804251013568,-9.55799473943993,8.680047770695909,2020-10-31,"{""type"":""MultiPoint"",""coordinates"":[]}"
156,1.009470538754544,,14.623568620376314,-18.387150609010778,-10.400380698240534,7.986769910770161,2020-11-07,"{""type"":""MultiPoint"",""coordinates"":[]}"
157,,,,-17.90535813798683,-9.756217068368068,8.149141069619192,2020-11-12,"{""type"":""MultiPoint"",""coordinates"":[]}"
158,0.8120396967370539,,10.775394313445718,-18.433753502033834,-10.192680064483367,8.241073437550657,2020-11-19,"{""type"":""MultiPoint"",""coordinates"":[]}"
159,,,,-18.071224788465106,-9.65099833903323,8.42022644943227,2020-11-24,"{""type"":""MultiPoint"",""coordinates"":[]}"
160,0.8800324331170116,0.5491262662809535,7.843092565604378,-18.733928442890537,-10.659138629392212,8.074789813498198,2020-12-01,"{""type"":""MultiPoint"",""coordinates"":[]}"
161,,,,-18.315107138662352,-9.893594317560737,8.421512821101723,2020-12-06,"{""type"":""MultiPoint"",""coordinates"":[]}"
162,0.8525489915356328,,5.821287175175133,-18.637762825913263,-11.137028126859065,7.500734699053985,2020-12-13,"{""type"":""MultiPoint"",""coordinates"":[]}"
163,,,,-17.7900024361309,-9.58242435787213,8.207578078258171,2020-12-18,"{""type"":""MultiPoint"",""coordinates"":[]}"
164,1.1065880342539234,,4.4504852561339785,-18.361834827809734,-10.992459581415174,7.369375246394738,2020-12-25,"{""type"":""MultiPoint"",""coordinates"":[]}"
165,,,,-18.00655939381319,-10.045253780342405,7.961305613470816,2020-12-30,"{""type"":""MultiPoint"",""coordinates"":[]}"
166,,,3.952831170058335,-18.172243361283822,-10.685802563297932,7.486440797985647,2021-01-06,"{""type"":""MultiPoint"",""coordinates"":[]}"
167,,,,-16.50610066705535,-8.229738537649938,8.276362129405385,2021-01-11,"{""type"":""MultiPoint"",""coordinates"":[]}"
168,,,3.1016669299678874,-18.36487291500546,-10.7953438313453,7.569529083660206,2021-01-18,"{""type"":""MultiPoint"",""coordinates"":[]}"
169,,,,-17.875249848688583,-9.69157461725532,8.183675231433135,2021-01-23,"{""type"":""MultiPoint"",""coordinates"":[]}"
170,,,2.4895565657429004,-18.956324362981448,-11.529120199180118,7.427204163801456,2021-01-30,"{""type"":""MultiPoint"",""coordinates"":[]}"
171,,,,-18.404831586459725,-10.30852345617094,8.096308130288417,2021-02-04,"{""type"":""MultiPoint"",""coordinates"":[]}"
172,,,2.3272578455799415,-19.430765701791138,-11.98064853917791,7.45011716261316,2021-02-11,"{""type"":""MultiPoint"",""coordinates"":[]}"
173,,,,-18.66687568361226,-10.282308115170377,8.384567568441941,2021-02-16,"{""type"":""MultiPoint"",""coordinates"":[]}"
174,,,2.4265457174531933,-18.460362790156882,-10.79154227217876,7.668820517978278,2021-02-23,"{""type"":""MultiPoint"",""coordinates"":[]}"
175,,,,-19.67506049730053,-10.960063887870433,8.714996609429832,2021-02-28,"{""type"":""MultiPoint"",""coordinates"":[]}"
176,,,2.2200745217316515,-20.458267277800132,-12.537539070521142,7.920728207279058,2021-03-07,"{""type"":""MultiPoint"",""coordinates"":[]}"
177,,,,-20.06339612806333,-11.158540285314285,8.904855842749424,2021-03-12,"{""type"":""MultiPoint"",""coordinates"":[]}"
178,,,2.1558944726329683,-21.063846666509317,-12.897284058448049,8.166562608061533,2021-03-19,"{""type"":""MultiPoint"",""coordinates"":[]}"
179,,,,-20.613595195561754,-11.65061816433954,8.962977031222449,2021-03-24,"{""type"":""MultiPoint"",""coordinates"":[]}"
180,,,2.2160452513083873,-21.339387438068165,-12.843448055180302,8.495939382887896,2021-03-31,"{""type"":""MultiPoint"",""coordinates"":[]}"
181,,,,-20.67642971480371,-11.22824656194608,9.448183152857299,2021-04-05,"{""type"":""MultiPoint"",""coordinates"":[]}"
182,,,2.4560562397661583,-19.05860016596843,-10.469682397519295,8.588917768449262,2021-04-12,"{""type"":""MultiPoint"",""coordinates"":[]}"
183,,,,-20.836436283591095,-10.840633701130969,9.995802582460545,2021-04-17,"{""type"":""MultiPoint"",""coordinates"":[]}"
184,,,2.640064889001676,-19.222000322118056,-10.504262976719662,8.717737345398433,2021-04-24,"{""type"":""MultiPoint"",""coordinates"":[]}"
185,,,,-19.149549774097476,-8.260449228565522,10.889100545531903,2021-04-29,"{""type"":""MultiPoint"",""coordinates"":[]}"
186,,,3.4534753608533917,-19.99627750865374,-10.333992873554378,9.662284635099763,2021-05-06,"{""type"":""MultiPoint"",""coordinates"":[]}"
187,,,,-20.691820769975944,-9.286522232689581,11.4052985372862,2021-05-11,"{""type"":""MultiPoint"",""coordinates"":[]}"
188,,,3.6708276096187875,-21.681232405696488,-11.301030348106101,10.380202057590425,2021-05-18,"{""type"":""MultiPoint"",""coordinates"":[]}"
189,,,,-20.495509491962373,-8.5712832829348,11.924226209027193,2021-05-23,"{""type"":""MultiPoint"",""coordinates"":[]}"
190,,,2.8255281745751137,-22.332050095102556,-12.336381699154117,9.995668395948162,2021-05-30,"{""type"":""MultiPoint"",""coordinates"":[]}"
191,,,,-18.077875898436552,-7.460648937790516,10.61722696064595,2021-06-04,"{""type"":""MultiPoint"",""coordinates"":[]}"
192,,,4.578706070282282,-21.94111257247095,-11.831448571522612,10.109664000948188,2021-06-11,"{""type"":""MultiPoint"",""coordinates"":[]}"
193,,,,-17.299031716201352,-6.639414830755521,10.659616885446022,2021-06-16,"{""type"":""MultiPoint"",""coordinates"":[]}"
194,,,7.142479626309405,-22.863124236878015,-12.533845016268629,10.329279220609841,2021-06-23,"{""type"":""MultiPoint"",""coordinates"":[]}"
195,,,,-19.842111056779466,-8.950249020998895,10.891862035780788,2021-06-28,"{""type"":""MultiPoint"",""coordinates"":[]}"
196,,,9.530933278480884,-21.322598688125538,-11.737952058594894,9.584646629530832,2021-07-05,"{""type"":""MultiPoint"",""coordinates"":[]}"
197,,,,-19.598613770818595,-9.58098303998659,10.017630730831879,2021-07-10,"{""type"":""MultiPoint"",""coordinates"":[]}"
198,,,19.286166488742488,-19.331890661556873,-10.824903055314627,8.506987606242191,2021-07-17,"{""type"":""MultiPoint"",""coordinates"":[]}"
199,,,,-16.01971911282525,-6.569574459684198,9.45014465314134,2021-07-22,"{""type"":""MultiPoint"",""coordinates"":[]}"
200,,,15.962797704201153,-18.55409704509457,-10.798045635243623,7.756051409851348,2021-07-29,"{""type"":""MultiPoint"",""coordinates"":[]}"
201,,,,-16.78062912388041,-8.657884960412263,8.122744163468333,2021-08-03,"{""type"":""MultiPoint"",""coordinates"":[]}"
202,,,15.090298212126056,-17.958456037444623,-10.4937933849389,7.464662652505847,2021-08-10,"{""type"":""MultiPoint"",""coordinates"":[]}"
203,,,,-17.148058537440154,-9.36349462262731,7.784563914812888,2021-08-15,"{""type"":""MultiPoint"",""coordinates"":[]}"
204,,,15.475805816107373,-16.898189879917098,-9.839939855857667,7.058250024059578,2021-08-22,"{""type"":""MultiPoint"",""coordinates"":[]}"
205,,,,-17.720783716882103,-9.723611804171567,7.9971719127109075,2021-08-27,"{""type"":""MultiPoint"",""coordinates"":[]}"
206,,,18.60072861158975,-19.16393407491569,-11.570389155965442,7.593544918950079,2021-09-03,"{""type"":""MultiPoint"",""coordinates"":[]}"
207,,,,-17.87319820777269,-9.281093682555994,8.592104525216687,2021-09-08,"{""type"":""MultiPoint"",""coordinates"":[]}"
208,,,13.81735598913715,-18.994740851139415,-11.119023483748023,7.875717367391404,2021-09-15,"{""type"":""MultiPoint"",""coordinates"":[]}"
209,,,,-19.16758447984943,-10.114168841649404,9.05341563820021,2021-09-20,"{""type"":""MultiPoint"",""coordinates"":[]}"
210,,,13.94813523241634,-19.78083357885577,-11.31921048331268,8.461623095543665,2021-09-27,"{""type"":""MultiPoint"",""coordinates"":[]}"
211,,,,-15.989873087171212,-6.357335571813003,9.63253751535831,2021-10-02,"{""type"":""MultiPoint"",""coordinates"":[]}"
212,,,19.150784179239512,-19.003643537461738,-9.930949303994478,9.072694233467335,2021-10-09,"{""type"":""MultiPoint"",""coordinates"":[]}"
213,,,,-19.418312868293746,-9.223879777793814,10.194433090499793,2021-10-14,"{""type"":""MultiPoint"",""coordinates"":[]}"
214,,,13.618324212586755,-19.98805562224273,-11.374234971842398,8.613820650400257,2021-10-21,"{""type"":""MultiPoint"",""coordinates"":[]}"
215,,,,-17.50612379533,-7.826532774136023,9.67959102119403,2021-10-26,"{""type"":""MultiPoint"",""coordinates"":[]}"
216,,,13.267057930617147,-18.87292433381419,-10.036552746427311,8.836371587387058,2021-11-02,"{""type"":""MultiPoint"",""coordinates"":[]}"
217,,,20.17536625302135,-18.73951817321628,-10.532922640975336,8.206595532241128,2021-11-14,"{""type"":""MultiPoint"",""coordinates"":[]}"
218,,,,-16.231399070601956,-6.810727569858315,9.420671500743802,2021-11-19,"{""type"":""MultiPoint"",""coordinates"":[]}"
219,,,15.533133038422388,-17.799668367076766,-10.348269127386923,7.451399239689533,2021-11-26,"{""type"":""MultiPoint"",""coordinates"":[]}"
220,,,,-17.160215812505083,-8.534374314445753,8.625841498059696,2021-12-01,"{""type"":""MultiPoint"",""coordinates"":[]}"
221,,,14.660597295184148,-18.427424855378224,-11.22803013017711,7.1993947252008015,2021-12-08,"{""type"":""MultiPoint"",""coordinates"":[]}"
222,,,,-17.870305639772624,-9.714134974275632,8.156170665497013,2021-12-13,"{""type"":""MultiPoint"",""coordinates"":[]}"
223,,,11.14555603312428,-18.635416349901583,-11.416894767659562,7.218521582241739,2021-12-20,"{""type"":""MultiPoint"",""coordinates"":[]}"
224,,,8.256534464248984,-18.069993546319232,-10.762630103453928,7.307363442865341,2022-01-01,"{""type"":""MultiPoint"",""coordinates"":[]}"
225,,,,-18.254406145159344,-10.473413981813186,7.780992163345737,2022-01-06,"{""type"":""MultiPoint"",""coordinates"":[]}"
226,,,6.084900911847044,-18.630005871279344,-11.058676978305508,7.571328892973873,2022-01-13,"{""type"":""MultiPoint"",""coordinates"":[]}"
227,,,,-18.333086387030722,-10.383535069775144,7.949551317255586,2022-01-18,"{""type"":""MultiPoint"",""coordinates"":[]}"
228,,,,-19.16162304395633,-11.032261656963586,8.129361386992175,2022-01-30,"{""type"":""MultiPoint"",""coordinates"":[]}"
229,,,3.0422524068279198,-19.874834810636848,-12.294723983831087,7.580110826805847,2022-02-06,"{""type"":""MultiPoint"",""coordinates"":[]}"
230,,,,-19.85050314313834,-11.327058382283445,8.523444760854618,2022-02-11,"{""type"":""MultiPoint"",""coordinates"":[]}"
231,,,2.3541384435633326,-20.428598025080024,-12.721076075510616,7.707521949569412,2022-02-18,"{""type"":""MultiPoint"",""coordinates"":[]}"
232,,,,-20.211249127869724,-11.5750360526492,8.636213075220114,2022-02-23,"{""type"":""MultiPoint"",""coordinates"":[]}"
233,,,,-20.453671041909363,-11.640220912749104,8.813450129160628,2022-03-07,"{""type"":""MultiPoint"",""coordinates"":[]}"
234,,,2.25089298440044,-21.18795919823762,-12.824831756386445,8.36312744185141,2022-03-14,"{""type"":""MultiPoint"",""coordinates"":[]}"
235,,,2.25089298440044,-21.18795919823762,-12.824831756386445,8.36312744185141,2022-03-14,"{""type"":""MultiPoint"",""coordinates"":[]}"
236,,,,-20.236684750114357,-11.023883433862881,9.212801316251705,2022-03-19,"{""type"":""MultiPoint"",""coordinates"":[]}"
237,,,2.5646665072525945,-19.938074062097286,-11.42521437889667,8.512859683200498,2022-03-26,"{""type"":""MultiPoint"",""coordinates"":[]}"
238,,,,-20.100483908575217,-10.043982196839675,10.05650171173526,2022-03-31,"{""type"":""MultiPoint"",""coordinates"":[]}"
239,,,2.4993707376018537,-20.97781749272148,-11.867566716257384,9.110250776464323,2022-04-07,"{""type"":""MultiPoint"",""coordinates"":[]}"
240,,,,-20.445670916783612,-10.128523611069149,10.317147305714869,2022-04-12,"{""type"":""MultiPoint"",""coordinates"":[]}"
241,,,2.6064984337290835,-21.169736818316856,-11.641016421792253,9.52872039652459,2022-04-19,"{""type"":""MultiPoint"",""coordinates"":[]}"
242,,,2.352527043912759,-21.605131274943172,-11.530273960438786,10.07485731450442,2022-05-01,"{""type"":""MultiPoint"",""coordinates"":[]}"
243,,,3.4786179072492063,-18.61711544452098,-9.16321236799649,9.453903076524666,2022-05-13,"{""type"":""MultiPoint"",""coordinates"":[]}"
244,,,,-17.813419557812125,-6.125861821784165,11.687557736027662,2022-05-18,"{""type"":""MultiPoint"",""coordinates"":[]}"
245,,,7.742388777715882,-21.270128804663226,-11.094301613885653,10.175827190777246,2022-05-25,"{""type"":""MultiPoint"",""coordinates"":[]}"
246,,,,-20.097645651222944,-9.780180420667563,10.31746523055565,2022-05-30,"{""type"":""MultiPoint"",""coordinates"":[]}"
247,,,7.627087828951798,-21.672239559981236,-11.627958019946913,10.044281540034621,2022-06-06,"{""type"":""MultiPoint"",""coordinates"":[]}"
248,,,,-19.87944505298887,-9.335047135001687,10.544397917987721,2022-06-11,"{""type"":""MultiPoint"",""coordinates"":[]}"
249,,,7.7619717716746495,-20.211986851531346,-10.575111446863058,9.636875404668235,2022-06-18,"{""type"":""MultiPoint"",""coordinates"":[]}"
250,,,,-19.92677250985053,-8.602963529777625,11.323808980072767,2022-06-23,"{""type"":""MultiPoint"",""coordinates"":[]}"
251,,,9.536766872541762,-21.39726913658479,-12.103317695114747,9.293951441470364,2022-06-30,"{""type"":""MultiPoint"",""coordinates"":[]}"
252,,,,-16.946463664263263,-6.044094680621808,10.902368983641585,2022-07-05,"{""type"":""MultiPoint"",""coordinates"":[]}"
253,,,16.63265601392318,-16.47617247781746,-8.470622953743012,8.005549524074706,2022-07-12,"{""type"":""MultiPoint"",""coordinates"":[]}"
254,,,,-15.383862552958044,-5.926203230864413,9.457659322093702,2022-07-17,"{""type"":""MultiPoint"",""coordinates"":[]}"
255,,,12.212766562492396,-17.24208715869582,-9.941301365525943,7.300785793169811,2022-07-24,"{""type"":""MultiPoint"",""coordinates"":[]}"
256,,,12.212766562492396,-17.117794744228362,-9.888863979773816,7.228930764454404,2022-07-24,"{""type"":""MultiPoint"",""coordinates"":[]}"
257,,,,-14.900601580666477,-6.511378012459912,8.38922356820615,2022-07-29,"{""type"":""MultiPoint"",""coordinates"":[]}"
258,,,,-15.562564068868761,-8.89040620015235,6.672157868716522,2022-08-05,"{""type"":""MultiPoint"",""coordinates"":[]}"
259,,,,-15.46657903607972,-8.741551001037712,6.7250280350417615,2022-08-05,"{""type"":""MultiPoint"",""coordinates"":[]}"
260,,,,-15.13190501837408,-7.132725608627722,7.999179409746589,2022-08-10,"{""type"":""MultiPoint"",""coordinates"":[]}"
261,,,,-18.451374090857854,-11.417324713860653,7.034049376996826,2022-08-17,"{""type"":""MultiPoint"",""coordinates"":[]}"
262,,,,-17.759764940833815,-11.02645480527367,6.733310135559723,2022-08-17,"{""type"":""MultiPoint"",""coordinates"":[]}"
263,,,,-18.311985899245183,-10.514505553974614,7.7974803452704835,2022-08-29,"{""type"":""MultiPoint"",""coordinates"":[]}"
264,,,,-16.61358928105422,-9.541025039921566,7.072564241132214,2022-08-29,"{""type"":""MultiPoint"",""coordinates"":[]}"
265,,,,-15.968219494115408,-8.759839017295304,7.208380476819755,2022-09-10,"{""type"":""MultiPoint"",""coordinates"":[]}"
266,,,,-15.997781618092825,-9.267891797935158,6.729889820157559,2022-09-10,"{""type"":""MultiPoint"",""coordinates"":[]}"
267,,,,-18.70891615991054,-10.326429840794415,8.382486319116413,2022-09-22,"{""type"":""MultiPoint"",""coordinates"":[]}"
268,,,,-18.74655498923192,-10.718715955060771,8.027839034171242,2022-09-22,"{""type"":""MultiPoint"",""coordinates"":[]}"
269,,,,-18.420752542970384,-9.592566415080373,8.828186127889953,2022-10-04,"{""type"":""MultiPoint"",""coordinates"":[]}"
270,,,,-18.367488032440328,-9.878458674016684,8.489029358423739,2022-10-04,"{""type"":""MultiPoint"",""coordinates"":[]}"
271,,,,-18.972512305874286,-10.57298443143922,8.399527874435053,2022-10-16,"{""type"":""MultiPoint"",""coordinates"":[]}"
272,,,,-19.33588894777847,-11.14994566189073,8.185943285887895,2022-10-16,"{""type"":""MultiPoint"",""coordinates"":[]}"
273,,,,-19.80788611697338,-11.63278513418893,8.175100982784715,2022-10-28,"{""type"":""MultiPoint"",""coordinates"":[]}"
274,,,,-20.212406549518242,-12.096136454248503,8.116270095269847,2022-10-28,"{""type"":""MultiPoint"",""coordinates"":[]}"
275,,,,-19.248266370121847,-11.064877288213902,8.183389081908176,2022-11-09,"{""type"":""MultiPoint"",""coordinates"":[]}"
276,,,,-19.60331409572621,-11.287412943885226,8.315901151840977,2022-11-09,"{""type"":""MultiPoint"",""coordinates"":[]}"
277,,,,-19.500951662289083,-11.231833526771002,8.269118135517996,2022-11-21,"{""type"":""MultiPoint"",""coordinates"":[]}"
278,,,,-19.83893340491028,-11.462007996512115,8.376925408398192,2022-11-21,"{""type"":""MultiPoint"",""coordinates"":[]}"
279,,,,-18.546184047486705,-9.866862349939703,8.679321697546726,2022-11-26,"{""type"":""MultiPoint"",""coordinates"":[]}"
280,,,,-19.103462680157545,-11.064088211208185,8.039374468949706,2022-12-03,"{""type"":""MultiPoint"",""coordinates"":[]}"
281,,,,-19.49159324656711,-11.2646293591269,8.22696388744037,2022-12-03,"{""type"":""MultiPoint"",""coordinates"":[]}"
282,,,,-18.160636389038288,-10.643377597643923,7.517258791394044,2022-12-15,"{""type"":""MultiPoint"",""coordinates"":[]}"
283,,,,-18.718780150816503,-11.02200522102768,7.696774929788827,2022-12-15,"{""type"":""MultiPoint"",""coordinates"":[]}"
284,,,,-18.599006524816332,-10.634261187054946,7.964745337761317,2022-12-20,"{""type"":""MultiPoint"",""coordinates"":[]}"
285,,,,-17.986555607849834,-10.736500645395436,7.2500549624543895,2022-12-27,"{""type"":""MultiPoint"",""coordinates"":[]}"
286,,,,-18.559453229158102,-11.11008742420936,7.449365804948895,2022-12-27,"{""type"":""MultiPoint"",""coordinates"":[]}"
287,,,,-18.28026523108485,-10.44279309328179,7.83747213780312,2023-01-01,"{""type"":""MultiPoint"",""coordinates"":[]}"
288,1.0533912981231162,,,-18.58793151795175,-10.724048988957264,7.863882528994497,2023-01-08,"{""type"":""MultiPoint"",""coordinates"":[]}"
289,1.0533912981231162,,,-19.116383078896426,-11.050421520961704,8.065961557935118,2023-01-08,"{""type"":""MultiPoint"",""coordinates"":[]}"
290,,,,-18.7934808695965,-10.398241475085994,8.395239394510645,2023-01-25,"{""type"":""MultiPoint"",""coordinates"":[]}"
291,0.5515461598081164,0.3637714045558111,,-19.4035781957346,-11.667016385958995,7.736561809775461,2023-02-01,"{""type"":""MultiPoint"",""coordinates"":[]}"
292,0.5515461598081164,0.3637714045558111,,-20.06059064980525,-12.042230624445477,8.018360025359806,2023-02-01,"{""type"":""MultiPoint"",""coordinates"":[]}"
293,0.4477610089695548,,,-20.074701246898417,-12.061292848625387,8.013408398273084,2023-02-13,"{""type"":""MultiPoint"",""coordinates"":[]}"
294,0.4477610089695548,,,-21.04577201282688,-12.574006022619198,8.471765990207796,2023-02-13,"{""type"":""MultiPoint"",""coordinates"":[]}"
295,,,,-19.635751875307832,-10.902315314806385,8.733436560500966,2023-02-18,"{""type"":""MultiPoint"",""coordinates"":[]}"
296,0.43158825269059276,,,-20.50107592537419,-12.297032418948751,8.204043506425533,2023-02-25,"{""type"":""MultiPoint"",""coordinates"":[]}"
297,0.43158825269059276,,,-21.522913775814043,-12.753709703077622,8.769204072736338,2023-02-25,"{""type"":""MultiPoint"",""coordinates"":[]}"
298,,,,-20.19021845143742,-10.989936264794947,9.20028218664232,2023-03-14,"{""type"":""MultiPoint"",""coordinates"":[]}"
299,,,,-20.344041561261765,-10.557576788672684,9.786464772588959,2023-04-07,"{""type"":""MultiPoint"",""coordinates"":[]}"
300,0.372980380126996,,,-22.78526311825968,-12.522223726808123,10.263039391452054,2023-04-26,"{""type"":""MultiPoint"",""coordinates"":[]}"
301,0.372980380126996,,,-22.8555412828029,-12.344803658935119,10.510737623868058,2023-04-26,"{""type"":""MultiPoint"",""coordinates"":[]}"
302,,,,-21.238157524841426,-11.077208814941878,10.160948709899516,2023-05-01,"{""type"":""MultiPoint"",""coordinates"":[]}"
303,,,,-18.72995097584814,-8.01179888024074,10.718152095607797,2023-05-13,"{""type"":""MultiPoint"",""coordinates"":[]}"
304,0.3196395277710872,,,-22.667713790253845,-12.149394761032264,10.51831902922162,2023-05-20,"{""type"":""MultiPoint"",""coordinates"":[]}"
305,0.3196395277710872,,,-22.859753986186277,-12.399738690687586,10.460015295498831,2023-05-20,"{""type"":""MultiPoint"",""coordinates"":[]}"
306,0.3324941173445025,,,-19.988093417139893,-9.698328702161,10.28976471497868,2023-06-01,"{""type"":""MultiPoint"",""coordinates"":[]}"
307,0.3324941173445025,,,-21.263290513124225,-10.742676381676688,10.520614131447626,2023-06-01,"{""type"":""MultiPoint"",""coordinates"":[]}"
308,,,,-21.51596930053256,-10.154824203852069,11.361145096680625,2023-06-06,"{""type"":""MultiPoint"",""coordinates"":[]}"
309,0.2501720251948526,,,-24.250318955322676,-13.405512074231686,10.844806881091575,2023-06-13,"{""type"":""MultiPoint"",""coordinates"":[]}"
310,0.2501720251948526,,,-24.134224442374936,-13.556422884401472,10.577801557973446,2023-06-13,"{""type"":""MultiPoint"",""coordinates"":[]}"
311,,,,-21.74827469349678,-10.991872566174953,10.7564021273216,2023-06-18,"{""type"":""MultiPoint"",""coordinates"":[]}"
312,0.14388047693136402,0.24247346534567227,,-24.77311542534269,-13.69317879558992,11.07993662975279,2023-06-25,"{""type"":""MultiPoint"",""coordinates"":[]}"
313,0.14388047693136402,0.24247346534567227,,-24.366968185596967,-13.59248269911841,10.77448548647884,2023-06-25,"{""type"":""MultiPoint"",""coordinates"":[]}"
314,,,,-21.498855802857072,-10.570219141018152,10.92863666183924,2023-06-30,"{""type"":""MultiPoint"",""coordinates"":[]}"
315,0.12245934492659162,,,-22.65342864189592,-11.926669786601202,10.726758855294381,2023-07-07,"{""type"":""MultiPoint"",""coordinates"":[]}"
316,0.12245934492659162,,,-23.036132731066527,-12.499615693705188,10.536517037361433,2023-07-07,"{""type"":""MultiPoint"",""coordinates"":[]}"
317,0.02381625909033256,,,-20.488332017595784,-10.741573798332501,9.746758219263059,2023-07-19,"{""type"":""MultiPoint"",""coordinates"":[]}"
318,0.02381625909033256,,,-20.06973933543461,-10.112854402571033,9.956884932863485,2023-07-19,"{""type"":""MultiPoint"",""coordinates"":[]}"
319,,,,-18.280086210469893,-6.577626631883277,11.702459578586899,2023-07-24,"{""type"":""MultiPoint"",""coordinates"":[]}"
320,0.3608525579678072,,,-22.235164727437972,-12.238726025148452,9.996438702289753,2023-07-31,"{""type"":""MultiPoint"",""coordinates"":[]}"
321,0.3608525579678072,,,-22.44872906559327,-12.14580964063304,10.30291942496057,2023-07-31,"{""type"":""MultiPoint"",""coordinates"":[]}"
322,0.5075963864606158,0.35227159503248046,,-22.509280433676924,-12.608177305280343,9.901103128396603,2023-08-12,"{""type"":""MultiPoint"",""coordinates"":[]}"
323,0.5075963864606158,0.35227159503248046,,-22.04917150029393,-12.286601091314598,9.762570408979341,2023-08-12,"{""type"":""MultiPoint"",""coordinates"":[]}"
324,,,,-22.415269073642207,-11.224267707304767,11.191001366337753,2023-08-17,"{""type"":""MultiPoint"",""coordinates"":[]}"
325,0.5400153748091855,,,-23.00915927896843,-13.652553774599058,9.356605504369313,2023-08-24,"{""type"":""MultiPoint"",""coordinates"":[]}"
326,0.5400153748091855,,,-22.62948380714554,-13.005969574243906,9.623514232901828,2023-08-24,"{""type"":""MultiPoint"",""coordinates"":[]}"
327,,,,-22.235475371738772,-10.747453701048336,11.48802167069018,2023-08-29,"{""type"":""MultiPoint"",""coordinates"":[]}"
328,0.58272005540074,,,-18.528389329063515,-9.834537693900588,8.693851635162831,2023-09-05,"{""type"":""MultiPoint"",""coordinates"":[]}"
329,0.58272005540074,,,-19.83602381126559,-10.456463703642653,9.379560107623321,2023-09-05,"{""type"":""MultiPoint"",""coordinates"":[]}"
330,0.5803698403922095,,,-21.489654737780846,-12.547402305727676,8.942252432053149,2023-09-17,"{""type"":""MultiPoint"",""coordinates"":[]}"
331,0.5803698403922095,,,-21.80956144417762,-12.628376380354409,9.181185063823373,2023-09-17,"{""type"":""MultiPoint"",""coordinates"":[]}"
332,,,,-21.703973969469352,-10.37771642245623,11.32625754701288,2023-09-22,"{""type"":""MultiPoint"",""coordinates"":[]}"
333,0.7686602791712717,,,-20.954582178629032,-12.14669436855152,8.807887810077736,2023-10-11,"{""type"":""MultiPoint"",""coordinates"":[]}"
334,0.7686602791712717,,,-22.23063239233743,-12.896566313592169,9.33406607874561,2023-10-11,"{""type"":""MultiPoint"",""coordinates"":[]}"
335,,,,-21.15780612792319,-10.569917755605106,10.587888372318071,2023-10-16,"{""type"":""MultiPoint"",""coordinates"":[]}"
336,0.6733063371032445,,,-21.450637551405475,-12.652350662203496,8.79828688920282,2023-10-23,"{""type"":""MultiPoint"",""coordinates"":[]}"
337,0.6733063371032445,,,-22.547669800015584,-13.186221870534727,9.361447929480832,2023-10-23,"{""type"":""MultiPoint"",""coordinates"":[]}"
338,0.6381819834777467,,,-21.274452525851686,-12.567310849473555,8.707141676378189,2023-11-04,"{""type"":""MultiPoint"",""coordinates"":[]}"
339,0.6381819834777467,,,-21.9948426322449,-12.76444552569132,9.230397106553838,2023-11-04,"{""type"":""MultiPoint"",""coordinates"":[]}"
340,,,,-15.898029247326404,-6.088011393373764,9.810017853952568,2023-11-09,"{""type"":""MultiPoint"",""coordinates"":[]}"
341,0.7425041048490433,0.5345286588285815,,-20.234644440072557,-11.664395456803334,8.570248983269183,2023-11-16,"{""type"":""MultiPoint"",""coordinates"":[]}"
342,0.7425041048490433,0.5345286588285815,,-20.865008256745774,-12.19104417457568,8.673964082170015,2023-11-16,"{""type"":""MultiPoint"",""coordinates"":[]}"
343,,,,-19.20620414839081,-9.962031788366199,9.24417236002519,2023-12-03,"{""type"":""MultiPoint"",""coordinates"":[]}"
344,,,,-20.3128494329087,-10.663041420818242,9.649808012090045,2023-12-27,"{""type"":""MultiPoint"",""coordinates"":[]}"
345,,,2.172265874957699,-24.044033822620897,-14.087038910306218,9.956994912315036,2019-02-16,"{""type"":""MultiPoint"",""coordinates"":[]}"
346,,,2.162258967767831,-24.244604979098213,-13.762923248450106,10.481681730648202,2019-03-24,"{""type"":""MultiPoint"",""coordinates"":[]}"
347,,,2.180902719031025,-23.402290801272525,-12.375222434458365,11.027068366814019,2019-05-11,"{""type"":""MultiPoint"",""coordinates"":[]}"
348,,,2.6373301034296106,-24.043795829955464,-12.425912730034723,11.617883099920691,2019-05-23,"{""type"":""MultiPoint"",""coordinates"":[]}"
349,,,2.84376463567659,-23.429108794828636,-11.744716751143752,11.684392043685135,2019-06-04,"{""type"":""MultiPoint"",""coordinates"":[]}"
350,,,2.720749855296043,-25.53944020265419,-13.839108369982903,11.700331832671461,2019-06-16,"{""type"":""MultiPoint"",""coordinates"":[]}"
351,,,11.034991866074424,-24.141483080757215,-12.797841180811455,11.343641899945542,2019-06-28,"{""type"":""MultiPoint"",""coordinates"":[]}"
352,,,10.659567840752652,-22.585876086464268,-11.29079752609315,11.295078560371046,2019-07-10,"{""type"":""MultiPoint"",""coordinates"":[]}"
353,,,16.015397989198412,-23.451314926379975,-13.258207647746223,10.19310727863386,2019-07-22,"{""type"":""MultiPoint"",""coordinates"":[]}"
354,,,23.850573324563243,-20.388008694090416,-10.979630326778821,9.408378367311357,2019-08-03,"{""type"":""MultiPoint"",""coordinates"":[]}"
355,,,23.850573324563243,-19.53714900139285,-10.600620565805974,8.936528435586958,2019-08-03,"{""type"":""MultiPoint"",""coordinates"":[]}"
356,,,20.561010590821397,-20.917513462848895,-12.763110046416084,8.154403416432805,2019-08-27,"{""type"":""MultiPoint"",""coordinates"":[]}"
357,,,22.976231680900604,-17.490302484830433,-9.825152123183521,7.6651503616467815,2019-09-08,"{""type"":""MultiPoint"",""coordinates"":[]}"
358,,,20.479456225493625,-17.175365641026872,-9.546866873650208,7.628498767376356,2019-09-20,"{""type"":""MultiPoint"",""coordinates"":[]}"
359,,,23.964481693824414,-17.764363520924686,-9.81572352749249,7.948639993432132,2019-10-02,"{""type"":""MultiPoint"",""coordinates"":[]}"
360,,,23.964481693824414,-18.67422742763621,-10.647552803752937,8.026674623883267,2019-10-02,"{""type"":""MultiPoint"",""coordinates"":[]}"
361,1.0119184161558463,,,-16.480002793625903,-6.877493912434848,9.602508881191065,2019-10-07,"{""type"":""MultiPoint"",""coordinates"":[]}"
362,,,24.834614763904717,-16.906054869805196,-9.524770752508289,7.381284117297194,2019-10-14,"{""type"":""MultiPoint"",""coordinates"":[]}"
363,,,24.834614763904717,-17.50313603751132,-9.77311351246221,7.730022525049451,2019-10-14,"{""type"":""MultiPoint"",""coordinates"":[]}"
364,0.40090770154868327,,,-17.113840115282613,-7.09474864624173,10.019091469041118,2019-10-19,"{""type"":""MultiPoint"",""coordinates"":[]}"
365,,,24.26898468329813,-17.59421948763549,-10.182540420564882,7.41167906707072,2019-10-26,"{""type"":""MultiPoint"",""coordinates"":[]}"
366,,,24.26898468329813,-18.127835931708695,-10.483628803427736,7.644207128280864,2019-10-26,"{""type"":""MultiPoint"",""coordinates"":[]}"
367,0.8811285304456676,0.5784610700903833,,-20.51488298925969,-10.152762847093543,10.362120142166418,2019-10-31,"{""type"":""MultiPoint"",""coordinates"":[]}"
368,,,21.990636606318244,-16.26639126744756,-8.794524355971834,7.471866911476005,2019-11-07,"{""type"":""MultiPoint"",""coordinates"":[]}"
369,,,21.990636606318244,-16.652019198382554,-8.929646842658657,7.722372355723794,2019-11-07,"{""type"":""MultiPoint"",""coordinates"":[]}"
370,0.8395740507421777,,,-19.690483317558712,-9.752910708722908,9.937572608835856,2019-11-12,"{""type"":""MultiPoint"",""coordinates"":[]}"
371,,,17.0251824026006,-18.46455384819416,-10.437488330008565,8.027065518185688,2019-11-19,"{""type"":""MultiPoint"",""coordinates"":[]}"
372,,,17.0251824026006,-18.925674583910716,-10.725631783228074,8.200042800682342,2019-11-19,"{""type"":""MultiPoint"",""coordinates"":[]}"
373,0.9006814784068394,,,-19.612584933047017,-10.020809086489948,9.591775846557276,2019-11-24,"{""type"":""MultiPoint"",""coordinates"":[]}"
374,,,16.919688935466507,-18.587859150551125,-10.543360838917748,8.044498311633282,2019-12-01,"{""type"":""MultiPoint"",""coordinates"":[]}"
375,,,16.919688935466507,-18.8314639455556,-10.778073559359221,8.05339038619657,2019-12-01,"{""type"":""MultiPoint"",""coordinates"":[]}"
376,0.8015730153529541,,,-19.53392753793152,-10.085203996432286,9.448723541499188,2019-12-06,"{""type"":""MultiPoint"",""coordinates"":[]}"
377,,,9.32064328397296,-19.341512791224076,-11.290500527921802,8.051012263302033,2019-12-13,"{""type"":""MultiPoint"",""coordinates"":[]}"
378,,,9.32064328397296,-19.453260864619757,-11.54405242534941,7.909208439270423,2019-12-13,"{""type"":""MultiPoint"",""coordinates"":[]}"
379,0.6790766932170456,0.569781496106938,,-18.879969910076944,-11.017250660862025,7.862719249214838,2019-12-18,"{""type"":""MultiPoint"",""coordinates"":[]}"
380,,,6.983140176725557,-18.780972015332466,-10.941534264718054,7.8394377506146,2019-12-25,"{""type"":""MultiPoint"",""coordinates"":[]}"
381,,,6.983140176725557,-18.799477823304912,-11.233256874356796,7.566220948947985,2019-12-25,"{""type"":""MultiPoint"",""coordinates"":[]}"
382,1.0884438436272277,,,-18.83051740580629,-10.053710152017787,8.776807253788357,2019-12-30,"{""type"":""MultiPoint"",""coordinates"":[]}"
383,,,5.084428265255966,-18.074035741655134,-10.700844111648859,7.373191630006202,2020-01-06,"{""type"":""MultiPoint"",""coordinates"":[]}"
384,,,5.084428265255966,-18.244572681703808,-11.017620831661501,7.226951850042562,2020-01-06,"{""type"":""MultiPoint"",""coordinates"":[]}"
385,,,,-18.525645500369013,-11.111516101433354,7.414129398935566,2020-01-11,"{""type"":""MultiPoint"",""coordinates"":[]}"
386,,,3.7147895636507626,-18.450857595604063,-11.020952046069226,7.429905549534874,2020-01-18,"{""type"":""MultiPoint"",""coordinates"":[]}"
387,,,3.7147895636507626,-18.761649055118504,-11.353930967705193,7.407718087413167,2020-01-18,"{""type"":""MultiPoint"",""coordinates"":[]}"
388,,,,-18.852092584814606,-11.325777974927162,7.526314609887416,2020-01-23,"{""type"":""MultiPoint"",""coordinates"":[]}"
